Date,Adj Close,Close,High,Low,Open,Volume
2021-01-01,164.06781005859375,205.91941833496094,206.25643920898438,201.5381622314453,202.11590576171875,20279389
2021-01-04,163.7225799560547,205.48611450195312,207.98968505859375,204.2343292236328,206.06385803222656,27927482
2021-01-05,162.22653198242188,203.60842895507812,205.3416748046875,202.78994750976562,204.57135009765625,18718244
2021-01-06,157.58489990234375,197.7827911376953,203.6565704345703,196.91616821289062,203.60842895507812,50957586
2021-01-07,155.59014892578125,195.27920532226562,199.9011993408203,194.60516357421875,198.4568328857422,36298522
2021-01-08,154.5927734375,194.0274200439453,198.36053466796875,192.8237762451172,196.771728515625,58600546
2021-01-11,155.36001586914062,194.99034118652344,198.4568328857422,193.7866973876953,196.43470764160156,44625924
2021-01-12,158.3904571533203,198.79385375976562,199.22715759277344,194.12371826171875,195.47178649902344,36989137
2021-01-13,162.0730743408203,203.4158477783203,205.1009521484375,197.6383514404297,199.7567596435547,66387977
2021-01-14,164.29798889160156,206.2082977294922,208.4711456298828,203.75286865234375,204.13803100585938,50164605
2021-01-15,167.13665771484375,209.77108764648438,210.39698791503906,203.36770629882812,206.93048095703125,60567280
2021-01-18,168.5943603515625,211.6006317138672,213.76718139648438,206.64161682128906,210.30068969726562,70211602
2021-01-19,167.90386962890625,210.73399353027344,213.47830200195312,209.43406677246094,212.8042755126953,33009228
2021-01-20,166.9832305908203,209.57850646972656,210.87843322753906,207.70082092285156,210.39698791503906,46392916
2021-01-21,163.95274353027344,205.77499389648438,211.35989379882812,204.3306121826172,210.87843322753906,30116008
2021-01-22,161.651123046875,202.88624572753906,206.78604125976562,201.3937225341797,206.06385803222656,25663922
2021-01-25,159.42620849609375,200.09378051757812,204.61949157714844,199.17901611328125,204.13803100585938,25929487
2021-01-27,161.61273193359375,202.8380889892578,204.76393127441406,199.4197540283203,200.286376953125,50338134
2021-01-28,158.50558471679688,198.93829345703125,203.17510986328125,198.11981201171875,201.49002075195312,22984352
2021-01-29,155.93539428710938,195.7125244140625,201.05670166015625,194.8459014892578,200.81597900390625,24679902
2021-02-01,165.678955078125,207.94154357910156,209.86737060546875,194.31629943847656,196.43470764160156,59968324
2021-02-02,167.4051971435547,210.1081085205078,215.21156311035156,208.95260620117188,211.8413543701172,50324035
2021-02-03,166.29275512695312,208.71188354492188,213.76718139648438,207.70082092285156,213.2857208251953,55709225
2021-02-04,176.41989135742188,221.42236328125,222.81858825683594,207.98968505859375,208.0859832763672,109894300
2021-02-05,179.79563903808594,225.6591796875,229.9923095703125,218.82249450683594,223.540771484375,130323308
2021-02-08,178.83660888671875,224.45553588867188,229.2219696044922,222.91488647460938,228.69236755371094,43093963
2021-02-09,175.69105529785156,220.50758361816406,230.32933044433594,219.7372589111328,225.89991760253906,73377134
2021-02-10,174.57858276367188,219.11135864257812,222.5297088623047,214.82638549804688,220.50758361816406,49104142
2021-02-11,173.73468017578125,218.05215454101562,220.7964630126953,216.17446899414062,220.50758361816406,45311749
2021-02-12,166.82977294921875,209.38592529296875,217.37811279296875,207.79710388183594,217.37811279296875,114826417
2021-02-15,167.7120819091797,210.49327087402344,212.8042755126953,209.43406677246094,210.3488311767578,33000365
2021-02-16,167.44357299804688,210.15625,213.57460021972656,209.19334411621094,210.9265899658203,30271502
2021-02-17,167.0599365234375,209.67478942871094,210.30068969726562,208.51930236816406,209.5303497314453,20615018
2021-02-18,167.90386962890625,210.73399353027344,212.41909790039062,209.81922912597656,210.1081085205078,24997592
2021-02-19,165.678955078125,207.94154357910156,210.7821502685547,206.06385803222656,210.73399353027344,29208388
2021-02-22,162.76451110839844,199.37159729003906,204.13803100585938,198.36053466796875,204.13803100585938,53531490
2021-02-23,163.90435791015625,200.767822265625,202.74180603027344,199.32345581054688,200.286376953125,27703323
2021-02-24,164.17950439453125,201.10484313964844,202.01962280273438,198.8419952392578,201.3455810546875,13667471
2021-02-25,164.4153289794922,201.3937225341797,203.36770629882812,201.05670166015625,201.73074340820312,26953713
2021-02-26,160.24893188476562,196.29026794433594,200.286376953125,195.47178649902344,199.56417846679688,45101885
2021-03-01,162.64657592773438,199.22715759277344,200.04563903808594,196.48284912109375,197.8309326171875,16850430
2021-03-02,165.00491333007812,202.11590576171875,202.98252868652344,198.8419952392578,199.32345581054688,26590262
2021-03-03,165.04421997070312,202.1640625,204.13803100585938,201.05670166015625,204.13803100585938,21648963
2021-03-04,164.8477020263672,201.92332458496094,203.4639892578125,199.9011993408203,201.05670166015625,25858155
2021-03-05,163.94369506835938,200.81597900390625,202.2122039794922,199.5160369873047,200.286376953125,17990773
2021-03-08,163.51132202148438,200.286376953125,202.98252868652344,199.99749755859375,201.92332458496094,23874105
2021-03-09,163.35409545898438,200.09378051757812,201.97146606445312,197.15689086914062,200.9604034423828,23463213
2021-03-10,162.3321533203125,198.8419952392578,201.44186401367188,198.16795349121094,201.3455810546875,20358192
2021-03-12,161.31019592285156,197.5902099609375,200.286376953125,195.9532470703125,200.286376953125,31973696
2021-03-15,161.50674438476562,197.8309326171875,198.36053466796875,194.12371826171875,198.2161102294922,42699297
2021-03-16,163.39341735839844,200.14193725585938,201.1529998779297,197.34947204589844,198.74571228027344,50641203
2021-03-17,165.55520629882812,202.78994750976562,205.9675750732422,200.81597900390625,204.3306121826172,81604999
2021-03-18,171.09730529785156,209.57850646972656,210.9747314453125,204.04173278808594,205.1009521484375,95536034
2021-03-19,175.26368713378906,214.68194580078125,217.76327514648438,207.55638122558594,210.87843322753906,139352860
2021-03-22,177.66134643554688,217.6188507080078,218.00401306152344,213.2857208251953,215.0189666748047,47823778
2021-03-23,174.67410278320312,213.9597625732422,219.64096069335938,213.0931396484375,216.6559295654297,43165463
2021-03-24,169.76089477539062,207.94154357910156,214.5375213623047,207.2675018310547,212.8042755126953,28672557
2021-03-25,166.34130859375,203.75286865234375,207.94154357910156,201.2974395751953,207.1712188720703,42248040
2021-03-26,165.79103088378906,203.07882690429688,206.49717712402344,202.54922485351562,206.30459594726562,27083832
2021-03-30,168.66033935546875,206.5934600830078,207.0267791748047,202.5973663330078,205.3416748046875,28862387
2021-03-31,171.7655029296875,210.39698791503906,211.1673126220703,204.81207275390625,206.1120147705078,37890481
2021-04-01,172.9839630126953,211.88949584960938,212.41909790039062,209.24148559570312,211.8413543701172,30182056
2021-04-05,167.088134765625,204.66763305664062,211.8413543701172,202.69366455078125,209.5303497314453,32586507
2021-04-06,167.16673278808594,204.76393127441406,206.9786376953125,202.3566436767578,205.87127685546875,26663018
2021-04-07,168.07073974609375,205.87127685546875,207.2193603515625,204.57135009765625,204.81207275390625,15790468
2021-04-08,167.63839721679688,205.3416748046875,208.0859832763672,204.95651245117188,206.88233947753906,14660557
2021-04-09,167.52047729492188,205.19723510742188,207.94154357910156,204.66763305664062,205.82313537597656,16994483
2021-04-12,161.3887939453125,197.68649291992188,203.17510986328125,197.3976287841797,202.2122039794922,35840817
2021-04-13,164.0615997314453,200.9604034423828,201.92332458496094,198.36053466796875,199.32345581054688,21027436
2021-04-15,162.4893341064453,199.03457641601562,202.6455078125,198.36053466796875,201.24928283691406,18205903
2021-04-16,163.47201538085938,200.23822021484375,201.49002075195312,198.8419952392578,200.286376953125,13824608
2021-04-19,161.6246337890625,197.97537231445312,198.4568328857422,196.19398498535156,197.3976287841797,16400507
2021-04-20,160.0131072998047,196.00140380859375,199.32345581054688,194.99034118652344,198.55311584472656,22187707
2021-04-22,161.8604736328125,198.26425170898438,198.6494140625,193.11265563964844,194.50888061523438,24030915
2021-04-23,161.42813110351562,197.73464965820312,199.32345581054688,196.67544555664062,196.67544555664062,20381213
2021-04-26,161.3887939453125,197.68649291992188,199.08273315429688,197.10874938964844,198.16795349121094,20652091
2021-04-27,161.46742248535156,197.7827911376953,199.2753143310547,197.44577026367188,197.68649291992188,11885588
2021-04-28,161.54605102539062,197.87908935546875,198.8419952392578,197.68649291992188,198.36053466796875,13197445
2021-04-29,160.6027069091797,196.7235870361328,199.85305786132812,196.48284912109375,199.4197540283203,13601150
2021-04-30,159.2663116455078,195.0866241455078,198.07167053222656,194.50888061523438,196.3384246826172,17130954
2021-05-03,157.96923828125,193.49781799316406,194.36444091796875,192.5830535888672,193.73854064941406,21405441
2021-05-04,156.90797424316406,192.1978759765625,194.8459014892578,191.7164306640625,193.73854064941406,18962501
2021-05-05,158.32298278808594,193.93113708496094,194.50888061523438,192.10159301757812,193.97927856445312,14396547
2021-05-06,159.38421630859375,195.23106384277344,198.31239318847656,194.60516357421875,194.79776000976562,14872429
2021-05-07,161.42813110351562,197.73464965820312,198.79385375976562,195.42364501953125,195.42364501953125,20213092
2021-05-10,161.58534240722656,197.92723083496094,199.7567596435547,197.3976287841797,199.4678955078125,16922951
2021-05-11,160.36685180664062,196.43470764160156,198.8419952392578,196.19398498535156,196.3384246826172,14277000
2021-05-12,159.77728271484375,195.7125244140625,197.6383514404297,195.32736206054688,196.3384246826172,17174525
2021-05-14,166.852294921875,204.37875366210938,205.2935333251953,196.43470764160156,197.3976287841797,64021335
2021-05-17,167.12742614746094,204.7157745361328,208.95260620117188,203.80101013183594,208.76002502441406,39465392
2021-05-18,165.12283325195312,202.26034545898438,206.64161682128906,201.87518310546875,206.16015625,31653409
2021-05-19,163.31478881835938,200.04563903808594,203.56028747558594,199.85305786132812,202.26034545898438,25345241
2021-05-20,162.7252197265625,199.32345581054688,201.5381622314453,199.13087463378906,200.7196807861328,21688686
2021-05-21,164.3367462158203,201.2974395751953,202.06776428222656,199.7086181640625,199.9011993408203,23509878
2021-05-24,166.26272583007812,203.6565704345703,204.18617248535156,200.04563903808594,201.73074340820312,29977506
2021-05-25,165.79103088378906,203.07882690429688,205.48611450195312,202.4529266357422,205.1009521484375,26310600
2021-05-26,165.55520629882812,202.78994750976562,204.57135009765625,202.50108337402344,203.94544982910156,18253046
2021-05-27,165.987548828125,203.31954956054688,206.2082977294922,202.50108337402344,203.17510986328125,49385674
2021-05-28,167.3632354736328,205.00465393066406,205.5823974609375,203.70472717285156,204.61949157714844,26583388
2021-05-31,170.27188110351562,208.56744384765625,209.81922912597656,206.4490203857422,207.0267791748047,75852502
2021-06-01,169.21063232421875,207.2675018310547,211.26361083984375,206.30459594726562,209.91552734375,40247686
2021-06-02,164.2974395751953,201.24928283691406,204.57135009765625,200.86412048339844,202.69366455078125,100377464
2021-06-03,164.3367462158203,201.2974395751953,202.93438720703125,200.9604034423828,202.93438720703125,48454441
2021-06-04,164.10092163085938,201.00856018066406,201.92332458496094,200.286376953125,201.73074340820312,31286264
2021-06-07,166.22341918945312,203.60842895507812,204.523193359375,202.40478515625,202.5973663330078,32643869
2021-06-08,167.9528350830078,205.72683715820312,206.30459594726562,203.36770629882812,204.3306121826172,22080199
2021-06-09,167.048828125,204.61949157714844,206.78604125976562,203.6565704345703,206.06385803222656,25846432
2021-06-10,169.29049682617188,201.5381622314453,203.56028747558594,199.80491638183594,200.9604034423828,31902690
2021-06-11,168.15811157226562,200.19007873535156,202.6455078125,200.04563903808594,202.50108337402344,22249404
2021-06-14,167.6728057861328,199.61233520507812,200.7196807861328,197.5902099609375,200.23822021484375,18358717
2021-06-15,167.47059631347656,199.37159729003906,200.67153930664062,199.32345581054688,199.85305786132812,15426377
2021-06-16,168.11769104003906,200.14193725585938,201.5863037109375,199.37159729003906,199.37159729003906,20878518
2021-06-17,166.3382110595703,198.0235137939453,200.286376953125,197.3976287841797,199.2753143310547,22304032
2021-06-18,165.448486328125,196.9643096923828,198.79385375976562,194.99034118652344,198.36053466796875,24475206
2021-06-21,165.3675994873047,196.86802673339844,198.36053466796875,194.89404296875,195.56808471679688,19809308
2021-06-22,165.89334106445312,197.49391174316406,198.6012725830078,196.771728515625,198.4568328857422,18737552
2021-06-23,164.96319580078125,196.38656616210938,198.2161102294922,196.04954528808594,198.0235137939453,13059519
2021-06-24,164.39698791503906,195.7125244140625,197.06060791015625,195.03848266601562,196.86802673339844,23299321
2021-06-25,165.8529052734375,197.44577026367188,197.97537231445312,196.19398498535156,196.43470764160156,14411660
2021-06-28,164.68008422851562,196.04954528808594,198.26425170898438,195.80880737304688,198.26425170898438,15190488
2021-06-29,164.43743896484375,195.7606658935547,197.68649291992188,195.61622619628906,196.04954528808594,13839294
2021-06-30,163.95213317871094,195.18292236328125,196.8198699951172,195.03848266601562,196.7235870361328,16556397
2021-07-01,164.1947784423828,195.47178649902344,196.24212646484375,194.6533203125,195.37550354003906,10583793
2021-07-02,163.70945739746094,194.89404296875,196.1458282470703,194.74960327148438,195.7606658935547,13187847
2021-07-05,164.72052001953125,196.09768676757812,196.531005859375,195.18292236328125,195.47178649902344,10642939
2021-07-06,163.79037475585938,194.99034118652344,196.24212646484375,194.74960327148438,195.7125244140625,11515716
2021-07-07,164.80145263671875,196.19398498535156,197.5902099609375,194.79776000976562,194.99034118652344,18568033
2021-07-08,163.38595581054688,194.50888061523438,196.91616821289062,194.31629943847656,195.9532470703125,21730892
2021-07-09,162.86019897460938,193.8829803466797,194.8459014892578,193.44967651367188,194.50888061523438,12289809
2021-07-12,162.65798950195312,193.6422576904297,195.03848266601562,193.49781799316406,194.50888061523438,13589278
2021-07-13,163.26461791992188,194.36444091796875,194.7014617919922,193.8829803466797,194.50888061523438,11247522
2021-07-14,165.0845489501953,196.531005859375,197.5420684814453,194.22000122070312,194.36444091796875,21269167
2021-07-15,166.8235321044922,198.6012725830078,200.767822265625,195.37550354003906,196.8198699951172,29963443
2021-07-16,168.15811157226562,200.19007873535156,201.87518310546875,199.5160369873047,199.99749755859375,30137464
2021-07-19,168.03677368164062,200.04563903808594,201.73074340820312,198.6975555419922,199.13087463378906,17099088
2021-07-20,167.26837158203125,199.13087463378906,201.5381622314453,198.74571228027344,200.4789581298828,24567907
2021-07-22,167.43014526367188,199.32345581054688,200.527099609375,198.2161102294922,199.32345581054688,19016769
2021-07-23,171.79788208007812,204.523193359375,205.67869567871094,198.8419952392578,199.32345581054688,46241640
2021-07-26,170.78683471679688,203.31954956054688,207.36380004882812,202.98252868652344,206.06385803222656,49084040
2021-07-27,168.7647247314453,200.91226196289062,205.1009521484375,200.23822021484375,204.13803100585938,25378089
2021-07-28,169.1287078857422,201.3455810546875,202.2122039794922,199.7567596435547,200.5752410888672,15304399
2021-07-29,166.66177368164062,198.40869140625,202.40478515625,198.0235137939453,201.3455810546875,16204679
2021-07-30,165.7720489501953,197.34947204589844,199.4197540283203,197.01246643066406,198.4568328857422,15515733
2021-08-02,167.6728057861328,199.61233520507812,199.80491638183594,197.8309326171875,198.79385375976562,10046707
2021-08-03,169.77578735351562,202.11590576171875,203.07882690429688,198.79385375976562,199.80491638183594,19179805
2021-08-04,168.72430419921875,200.86412048339844,203.2714080810547,200.38265991210938,203.07882690429688,11421835
2021-08-05,174.10308837890625,207.2675018310547,208.71188354492188,199.22715759277344,200.86412048339844,48995450
2021-08-06,173.29428100585938,206.30459594726562,207.98968505859375,204.7157745361328,207.4119415283203,24489836
2021-08-09,172.93026733398438,205.87127685546875,209.0970458984375,204.81207275390625,207.0267791748047,21142199
2021-08-10,169.73533630371094,202.06776428222656,206.49717712402344,200.81597900390625,206.06385803222656,18855165
2021-08-11,168.7647247314453,200.91226196289062,202.78994750976562,199.7567596435547,202.06776428222656,16012451
2021-08-12,168.96694946289062,201.1529998779297,206.25643920898438,200.62339782714844,202.4529266357422,28758718
2021-08-13,171.0294952392578,203.60842895507812,204.42691040039062,201.44186401367188,202.06776428222656,19576945
2021-08-16,170.5846405029297,203.07882690429688,205.3416748046875,202.69366455078125,203.56028747558594,11621038
2021-08-17,169.20957946777344,201.44186401367188,203.6565704345703,201.05670166015625,202.98252868652344,8161139
2021-08-18,169.0074005126953,201.20114135742188,203.6565704345703,200.62339782714844,201.82704162597656,11149120
2021-08-20,168.96694946289062,201.1529998779297,202.88624572753906,199.03457641601562,199.32345581054688,20168965
2021-08-23,166.8639678955078,198.6494140625,202.40478515625,198.36053466796875,201.73074340820312,10319044
2021-08-24,166.41912841796875,198.11981201171875,199.32345581054688,197.10874938964844,199.32345581054688,12971124
2021-08-25,166.94485473632812,198.74571228027344,200.19007873535156,198.36053466796875,198.74571228027344,10994627
2021-08-26,165.48895263671875,197.01246643066406,199.17901611328125,196.771728515625,198.74571228027344,15407558
2021-08-27,166.54042053222656,198.26425170898438,199.17901611328125,197.30133056640625,197.3976287841797,10879860
2021-08-30,168.23899841308594,200.286376953125,200.4789581298828,198.36053466796875,198.36053466796875,12550267
2021-08-31,170.9081573486328,203.4639892578125,203.75286865234375,199.56417846679688,200.3345184326172,26802390
2021-09-01,169.45225524902344,201.73074340820312,204.42691040039062,201.5381622314453,203.17510986328125,16867486
2021-09-02,169.6544647216797,201.97146606445312,203.6565704345703,201.24928283691406,201.24928283691406,14872714
2021-09-03,170.3419952392578,202.78994750976562,203.4158477783203,201.97146606445312,201.97146606445312,10622796
2021-09-06,169.29049682617188,201.5381622314453,203.36770629882812,201.2974395751953,203.17510986328125,11041632
2021-09-07,171.27215576171875,203.89730834960938,206.40087890625,202.3566436767578,203.07882690429688,38933378
2021-09-08,170.8677215576172,203.4158477783203,205.1009521484375,201.92332458496094,204.37875366210938,17897021
2021-09-09,172.00010681152344,204.76393127441406,205.9675750732422,202.74180603027344,203.2232666015625,19784972
2021-09-13,173.21336364746094,206.2082977294922,207.1712188720703,203.94544982910156,205.43797302246094,16661794
2021-09-14,174.79061889648438,208.0859832763672,209.19334411621094,206.25643920898438,206.93048095703125,20377545
2021-09-15,174.709716796875,207.98968505859375,209.1451873779297,207.31565856933594,209.0489044189453,21028598
2021-09-16,186.64013671875,222.19268798828125,224.9851531982422,208.278564453125,208.9044647216797,154986538
2021-09-17,186.96365356445312,222.57786560058594,228.49978637695312,220.6038818359375,224.3592529296875,82563658
2021-09-20,189.06668090820312,225.08143615722656,230.47377014160156,221.7112274169922,222.4334259033203,73101936
2021-09-21,195.33518981933594,232.54403686523438,233.45880126953125,223.1074676513672,226.2369384765625,58854434
2021-09-22,196.95286560058594,234.46986389160156,236.6845703125,231.77369689941406,234.46986389160156,54648494
2021-09-23,196.14401245117188,233.50694274902344,236.4919891357422,232.7366180419922,235.9142303466797,22630330
2021-09-24,192.86822509765625,229.60714721679688,234.95132446289062,228.88494873046875,234.95132446289062,25779310
2021-09-27,193.07041931152344,229.84786987304688,232.8810577392578,226.76654052734375,230.90707397460938,23772123
2021-09-28,192.3020477294922,228.93310546875,232.64031982421875,227.536865234375,230.95521545410156,16319138
2021-09-29,192.58511352539062,229.27012634277344,232.44773864746094,226.95912170410156,227.2480010986328,16045073
2021-09-30,191.00787353515625,227.39244079589844,231.4848175048828,226.52581787109375,231.0033721923828,16987893
2021-10-01,190.36077880859375,226.62210083007812,228.21090698242188,224.26295471191406,226.4776611328125,16570661
2021-10-04,191.3718719482422,227.82574462890625,229.51084899902344,226.6702423095703,227.2480010986328,11098123
2021-10-05,189.83505249023438,225.99620056152344,228.64422607421875,225.80361938476562,227.63316345214844,9578825
2021-10-06,187.0445556640625,222.6741485595703,227.63316345214844,222.04824829101562,226.09249877929688,18179336
2021-10-07,188.41957092285156,224.3111114501953,226.2369384765625,223.68521118164062,224.3592529296875,10770973
2021-10-08,187.40853881835938,223.1074676513672,226.09249877929688,222.62600708007812,226.0443572998047,10114327
2021-10-11,192.544677734375,229.2219696044922,230.61819458007812,223.1074676513672,223.39633178710938,22000303
2021-10-12,195.1733856201172,232.3514404296875,233.9884033203125,229.173828125,229.75157165527344,30347455
2021-10-13,201.56324768066406,239.95848083496094,241.59542846679688,231.2440948486328,233.5550994873047,52091422
2021-10-14,207.50823974609375,247.03590393066406,252.1393585205078,241.06582641601562,243.85829162597656,88696178
2021-10-18,212.3612823486328,252.8134002685547,255.46141052246094,247.80624389648438,251.3208770751953,62614961
2021-10-19,198.93453979492188,236.82901000976562,252.8134002685547,235.96238708496094,251.70603942871094,61336411
2021-10-20,199.4602813720703,237.45489501953125,239.28443908691406,233.3625030517578,236.82901000976562,49663940
2021-10-21,197.92347717285156,235.6253662109375,239.13999938964844,234.08470153808594,238.802978515625,23385990
2021-10-22,191.3718719482422,227.82574462890625,236.6845703125,225.03329467773438,235.6253662109375,36905793
2021-10-25,188.78358459472656,224.74441528320312,227.87388610839844,221.95196533203125,225.41845703125,23194065
2021-10-26,191.45274353027344,227.9220428466797,230.13674926757812,223.97409057617188,225.41845703125,19663381
2021-10-27,192.86822509765625,229.60714721679688,232.3514404296875,227.44058227539062,231.34039306640625,26909428
2021-10-28,182.07020568847656,216.75222778320312,227.19985961914062,215.8374481201172,226.38137817382812,48064941
2021-10-29,180.5334014892578,214.9226837158203,219.785400390625,214.05606079101562,216.6559295654297,27668175
2021-11-01,183.48562622070312,218.43731689453125,219.11135864257812,214.24864196777344,215.8374481201172,24090945
2021-11-02,182.47459411621094,217.23367309570312,220.74832153320312,216.17446899414062,219.544677734375,14896284
2021-11-03,179.92672729492188,214.20050048828125,218.43731689453125,213.47830200195312,217.6188507080078,18530527
2021-11-04,183.24301147460938,218.14845275878906,218.87063598632812,215.69300842285156,216.51148986816406,7295341
2021-11-08,185.8717498779297,221.27792358398438,222.14454650878906,217.32997131347656,221.18162536621094,21051238
2021-11-09,185.0224609375,220.26686096191406,222.33712768554688,219.40023803710938,221.32606506347656,11964518
2021-11-10,186.72100830078125,222.2889862060547,224.21481323242188,218.7743377685547,219.01507568359375,13948380
2021-11-11,186.0335235595703,221.4705047607422,222.91488647460938,220.07427978515625,221.8556671142578,8448263
2021-11-12,188.37911987304688,224.26295471191406,225.27401733398438,220.6520233154297,222.62600708007812,12312123
2021-11-15,192.58511352539062,229.27012634277344,230.13674926757812,224.45553588867188,225.27401733398438,40247848
2021-11-16,190.44168090820312,226.71839904785156,230.76263427734375,226.2850799560547,230.1848907470703,15241184
2021-11-17,193.7174835205078,230.61819458007812,236.15496826171875,226.91098022460938,227.2480010986328,48496295
2021-11-18,192.09982299804688,228.69236755371094,233.9884033203125,227.536865234375,231.0996551513672,21005037
2021-11-22,186.76145935058594,222.33712768554688,231.82183837890625,221.03720092773438,229.07752990722656,23443628
2021-11-23,187.32765197753906,223.01116943359375,224.07037353515625,220.6520233154297,220.6520233154297,13950744
2021-11-24,184.17315673828125,219.25579833984375,224.07037353515625,218.5336151123047,223.82965087890625,14684422
2021-11-25,187.08499145507812,222.7222900390625,223.5889129638672,217.37811279296875,218.58175659179688,24825493
2021-11-26,181.18043518066406,215.69300842285156,221.51864624023438,214.82638549804688,220.4113006591797,28067913
2021-11-29,179.15835571289062,213.2857208251953,215.35598754882812,212.033935546875,213.76718139648438,22985358
2021-11-30,178.875244140625,212.94869995117188,216.8485107421875,211.8413543701172,213.76718139648438,24408641
2021-12-01,179.48187255859375,213.6708984375,215.0189666748047,212.41909790039062,213.76718139648438,13496307
2021-12-02,182.35330200195312,217.08924865722656,217.76327514648438,213.0931396484375,213.6708984375,16517389
2021-12-03,179.2796630859375,213.43016052246094,217.81143188476562,213.14129638671875,216.6559295654297,14325920
2021-12-06,176.24649047851562,209.81922912597656,213.9597625732422,209.43406677246094,213.43016052246094,13644352
2021-12-07,178.47084045410156,212.46725463867188,213.7190399169922,210.01181030273438,210.7821502685547,9246755
2021-12-08,181.9488525390625,216.6077880859375,217.28182983398438,212.8042755126953,212.8042755126953,10241656
2021-12-09,190.4012451171875,226.6702423095703,227.68130493164062,214.7301025390625,214.7301025390625,39714672
2021-12-10,190.96743774414062,227.3442840576172,230.08859252929688,225.08143615722656,227.44058227539062,36517117
2021-12-13,189.75418090820312,225.89991760253906,229.89601135253906,225.4665985107422,229.173828125,22903720
2021-12-14,184.901123046875,220.12242126464844,228.3072052001953,219.11135864257812,226.2850799560547,38953007
2021-12-15,181.2209014892578,215.7411651611328,223.5889129638672,215.11526489257812,221.4705047607422,35987634
2021-12-16,180.29071044921875,214.63380432128906,217.76327514648438,212.61167907714844,217.6188507080078,25131188
2021-12-17,176.28695678710938,209.86737060546875,214.58566284179688,208.71188354492188,214.5375213623047,30827201
2021-12-20,171.79788208007812,204.523193359375,208.2304229736328,202.01962280273438,208.2304229736328,38778895
2021-12-21,171.87879943847656,204.61949157714844,207.4600830078125,203.2232666015625,206.06385803222656,20142586
2021-12-22,171.474365234375,204.13803100585938,206.25643920898438,203.2714080810547,206.06385803222656,17903428
2021-12-23,175.76121520996094,209.24148559570312,210.3488311767578,205.2935333251953,205.9675750732422,23065082
2021-12-24,176.32742309570312,209.91552734375,212.274658203125,208.42300415039062,209.91552734375,17220191
2021-12-27,175.96340942382812,209.48220825195312,210.3488311767578,207.65267944335938,210.30068969726562,8467106
2021-12-28,177.9855194091797,211.88949584960938,212.41909790039062,209.91552734375,209.91552734375,12014352
2021-12-29,175.31637573242188,208.71188354492188,212.13023376464844,208.278564453125,211.8413543701172,11923119
2021-12-30,174.709716796875,207.98968505859375,209.81922912597656,207.50823974609375,208.56744384765625,10116360
2021-12-31,176.3678436279297,209.9636688232422,210.68585205078125,208.13412475585938,208.8563232421875,7875890
2022-01-03,177.21714782714844,210.9747314453125,211.69691467285156,209.00074768066406,209.9636688232422,8064567
2022-01-04,178.1472930908203,212.0820770263672,213.47830200195312,210.9265899658203,211.35989379882812,9398805
2022-01-05,178.38995361328125,212.37095642089844,213.2857208251953,210.54141235351562,211.50433349609375,11663111
2022-01-06,176.89358520507812,210.58956909179688,212.2265167236328,210.1081085205078,210.87843322753906,9295303
2022-01-07,176.65093994140625,210.30068969726562,212.46725463867188,209.43406677246094,211.64877319335938,9196075
2022-01-10,180.61424255371094,215.0189666748047,216.36705017089844,210.7821502685547,211.74505615234375,16451394
2022-01-11,179.5223388671875,213.7190399169922,215.93374633789062,212.99685668945312,215.06712341308594,8329596
2022-01-12,180.16940307617188,214.48936462402344,215.35598754882812,213.38201904296875,214.24864196777344,13665682
2022-01-13,181.1400146484375,215.64486694335938,217.42626953125,214.48936462402344,215.5967254638672,11944029
2022-01-14,180.048095703125,214.34494018554688,216.46334838867188,214.05606079101562,215.64486694335938,10976796
2022-01-17,181.66575622558594,216.27076721191406,217.23367309570312,213.14129638671875,214.34494018554688,12792728
2022-01-18,178.55174255371094,212.56353759765625,218.87063598632812,212.13023376464844,216.27076721191406,14948456
2022-01-19,178.22817993164062,212.17837524414062,214.15234375,210.58956909179688,212.56353759765625,11915686
2022-01-20,176.93405151367188,210.63771057128906,213.91162109375,209.91552734375,212.37095642089844,17997322
2022-01-21,175.55899047851562,209.00074768066406,212.32281494140625,207.98968505859375,210.39698791503906,17225050
2022-01-24,171.3125762939453,203.94544982910156,209.67478942871094,203.07882690429688,209.00074768066406,18023332
2022-01-25,173.33468627929688,206.3527374267578,206.73789978027344,201.7788848876953,204.13803100585938,19028606
2022-01-27,173.57736206054688,206.64161682128906,207.50823974609375,203.2714080810547,203.4158477783203,24041247
2022-01-28,176.00384521484375,209.5303497314453,211.11917114257812,207.12306213378906,207.12306213378906,15865353
2022-01-31,178.1068572998047,212.033935546875,212.56353759765625,209.0489044189453,210.39698791503906,15618203
2022-02-01,184.21360778808594,219.30393981933594,220.31500244140625,211.0228729248047,212.8042755126953,44871108
2022-02-02,187.77252197265625,223.540771484375,224.64813232421875,220.50758361816406,221.4705047607422,42714702
2022-02-03,189.63284301757812,225.75547790527344,226.4776611328125,223.20375061035156,223.540771484375,28918394
2022-02-04,189.51150512695312,225.6110382080078,229.65528869628906,222.96302795410156,228.45164489746094,58889867
2022-02-07,186.19528198242188,221.6630859375,226.0443572998047,220.02613830566406,225.32217407226562,25101983
2022-02-08,187.0445556640625,222.6741485595703,223.68521118164062,220.5557403564453,221.75938415527344,16825239
2022-02-09,186.15481567382812,221.6149444580078,224.3592529296875,220.26686096191406,223.68521118164062,12351873
2022-02-10,187.85340881347656,223.63706970214844,224.74441528320312,219.30393981933594,220.21871948242188,20317032
2022-02-11,188.01515197753906,223.82965087890625,224.64813232421875,221.27792358398438,223.39633178710938,18793513
2022-02-14,181.76358032226562,211.31175231933594,217.6188507080078,210.39698791503906,217.6188507080078,23621214
2022-02-15,184.7039031982422,214.7301025390625,215.21156311035156,210.44512939453125,212.8042755126953,13371177
2022-02-16,184.49684143066406,214.48936462402344,216.36705017089844,213.62274169921875,215.50042724609375,11664158
2022-02-17,184.4140167236328,214.39308166503906,216.030029296875,212.6598358154297,214.7782440185547,14564261
2022-02-18,183.7928009033203,213.6708984375,215.1634063720703,213.2857208251953,214.39308166503906,9004891
2022-02-21,180.5625457763672,209.91552734375,213.0931396484375,209.0970458984375,212.13023376464844,16750193
2022-02-22,177.95350646972656,206.88233947753906,208.8563232421875,205.1009521484375,207.0267791748047,26741024
2022-02-23,178.86459350585938,207.94154357910156,209.43406677246094,207.07492065429688,208.76002502441406,11438476
2022-02-24,172.69400024414062,200.767822265625,205.3898162841797,199.32345581054688,202.2122039794922,42933709
2022-02-25,177.20806884765625,206.01571655273438,208.4711456298828,202.74180603027344,203.6565704345703,24543858
2022-02-28,178.7817840576172,207.8452606201172,208.42300415039062,202.98252868652344,205.2935333251953,20806226
2022-03-02,178.3262481689453,207.31565856933594,208.56744384765625,204.57135009765625,206.4490203857422,20039140
2022-03-03,181.7221221923828,211.26361083984375,212.033935546875,207.98968505859375,208.037841796875,29631546
2022-03-04,186.77456665039062,217.13739013671875,218.9669189453125,208.95260620117188,209.62664794921875,69409780
2022-03-07,186.31903076171875,216.6077880859375,218.58175659179688,211.93765258789062,213.76718139648438,47001716
2022-03-08,187.9341583251953,218.4854736328125,219.9779815673828,215.45228576660156,215.5967254638672,37424203
2022-03-09,189.88058471679688,220.74832153320312,222.81858825683594,217.7151336669922,219.25579833984375,43923809
2022-03-10,192.1583251953125,223.39633178710938,223.87779235839844,219.40023803710938,222.4334259033203,37523806
2022-03-11,195.7613067626953,227.58502197265625,228.3072052001953,221.6149444580078,223.300048828125,43305144
2022-03-14,197.95619201660156,230.13674926757812,230.57005310058594,226.57395935058594,227.4887237548828,36465969
2022-03-15,197.00369262695312,229.02938842773438,232.44773864746094,227.15170288085938,230.13674926757812,34269168
2022-03-16,200.93797302246094,233.60324096679688,233.9884033203125,230.2330322265625,231.0996551513672,22462538
2022-03-17,202.8429718017578,235.8179473876953,236.29940795898438,233.69952392578125,236.15496826171875,35541798
2022-03-21,202.5116729736328,235.43276977539062,238.562255859375,234.7587432861328,236.78085327148438,29052540
2022-03-22,206.86009216308594,240.4880828857422,241.4510040283203,234.51800537109375,235.48092651367188,38368305
2022-03-23,208.7237091064453,242.65464782714844,244.29159545898438,239.28443908691406,242.12503051757812,42051087
2022-03-24,211.08424377441406,245.39895629882812,246.98776245117188,242.12503051757812,242.6064910888672,39712133
2022-03-25,209.8418426513672,243.95457458496094,246.2655792236328,240.00662231445312,245.83226013183594,30412482
2022-03-28,212.90646362304688,247.51736450195312,248.43212890625,243.1842498779297,244.58047485351562,25876007
2022-03-29,210.877197265625,245.15821838378906,247.95066833496094,244.33973693847656,247.51736450195312,18820674
2022-03-30,206.404541015625,239.95848083496094,246.89146423339844,239.4288787841797,245.63967895507812,18281803
2022-03-31,207.60552978515625,241.35470581054688,244.91749572753906,240.2473602294922,240.34364318847656,26644916
2022-04-01,209.80044555664062,243.90643310546875,245.88040161132812,239.5733184814453,240.7288055419922,14856664
2022-04-04,211.58123779296875,245.97669982910156,248.33584594726562,241.78802490234375,243.71385192871094,16520039
2022-04-05,214.89430236816406,249.82835388183594,252.1393585205078,245.63967895507812,246.554443359375,28230046
2022-04-06,215.01852416992188,249.97279357910156,253.58372497558594,247.75808715820312,247.95066833496094,20352716
2022-04-07,212.5751495361328,247.1322021484375,252.47637939453125,246.313720703125,248.43212890625,16679649
2022-04-08,221.81033325195312,257.86871337890625,258.8797607421875,246.5063018798828,248.43212890625,39283623
2022-04-11,221.56187438964844,257.579833984375,263.0202941894531,256.1354675292969,258.7834777832031,47924937
2022-04-12,219.32554626464844,254.97994995117188,258.68719482421875,253.34300231933594,257.0020751953125,24460888
2022-04-13,223.25982666015625,259.5538024902344,260.5648498535156,253.8726043701172,255.46141052246094,22239115
2022-04-18,223.71534729003906,260.0834045410156,262.3944091796875,257.339111328125,258.061279296875,25339139
2022-04-19,216.63365173339844,251.85047912597656,262.3944091796875,249.2024688720703,261.9129333496094,24280577
2022-04-20,214.9771270751953,249.92465209960938,255.60585021972656,247.9988250732422,253.15042114257812,25454589
2022-04-21,215.68112182617188,250.74313354492188,254.64292907714844,249.97279357910156,250.069091796875,24313956
2022-04-22,216.2609405517578,251.41717529296875,253.2467041015625,248.96173095703125,250.3579559326172,16274820
2022-04-25,211.41555786132812,245.78411865234375,249.39505004882812,243.13609313964844,249.2024688720703,25140992
2022-04-26,214.4801788330078,249.34690856933594,251.03199768066406,246.7470245361328,247.08404541015625,21327644
2022-04-27,213.2791748046875,247.95066833496094,248.91358947753906,246.2655792236328,246.69888305664062,17219401
2022-04-28,216.2609405517578,251.41717529296875,253.92074584960938,248.57656860351562,249.8765106201172,28999835
2022-04-29,214.9771270751953,249.92465209960938,253.2467041015625,248.91358947753906,253.2467041015625,21206335
2022-05-02,217.95889282226562,253.39114379882812,254.6910858154297,247.51736450195312,248.43212890625,19696250
2022-05-04,215.1427764892578,250.1172332763672,256.18359375,249.0098876953125,254.20962524414062,26951488
2022-05-05,217.04779052734375,252.33193969726562,255.36512756347656,250.74313354492188,252.28379821777344,18623544
2022-05-06,220.85781860351562,256.7613525390625,257.4353942871094,249.2987518310547,249.39505004882812,35818441
2022-05-09,217.7932586669922,253.1985626220703,256.2799072265625,250.8875732421875,256.2799072265625,22228031
2022-05-10,215.1427764892578,250.1172332763672,256.9057922363281,249.4913330078125,252.28379821777344,18727774
2022-05-11,211.74688720703125,246.16928100585938,252.47637939453125,242.41390991210938,249.39505004882812,18012072
2022-05-12,209.46913146972656,243.52127075195312,246.89146423339844,239.91033935546875,245.5433807373047,20816708
2022-05-13,214.1902618408203,249.0098876953125,251.1764373779297,245.0619354248047,245.4952392578125,12380764
2022-05-16,210.46304321289062,244.6767578125,250.309814453125,243.6175537109375,250.309814453125,8502159
2022-05-17,219.2427215576172,254.8836669921875,255.65399169921875,245.35079956054688,245.5433807373047,18483427
2022-05-18,220.9820556640625,256.9057922363281,257.86871337890625,253.39114379882812,256.1354675292969,20978307
2022-05-19,228.31224060058594,265.4275817871094,268.8940734863281,252.86154174804688,252.86154174804688,81302807
2022-05-20,231.9152069091797,269.61627197265625,271.8791198730469,266.7275085449219,266.7275085449219,33617466
2022-05-23,227.3597412109375,264.3202209472656,270.0495910644531,262.92401123046875,269.61627197265625,22535903
2022-05-24,224.33657836914062,260.80560302734375,264.80169677734375,259.98712158203125,264.80169677734375,16146766
2022-05-25,225.8688507080078,262.58697509765625,263.74249267578125,260.46856689453125,262.8277282714844,15877459
2022-05-26,226.28521728515625,256.80950927734375,258.302001953125,254.065185546875,258.302001953125,19129574
2022-05-27,228.4063720703125,259.216796875,260.6611633300781,255.22068786621094,259.0242004394531,13986762
2022-05-30,228.27908325195312,259.0723571777344,260.9500427246094,257.6761169433594,260.46856689453125,12274291
2022-05-31,229.6366424560547,260.6130065917969,264.3202209472656,256.5206298828125,259.0723571777344,24102167
2022-06-01,230.65478515625,261.7685241699219,263.93505859375,260.1796875,260.6130065917969,15265925
2022-06-02,232.0547637939453,263.3573303222656,264.2720947265625,257.9168395996094,260.6611633300781,14789457
2022-06-03,231.3759765625,262.58697509765625,265.4757385253906,261.52777099609375,264.80169677734375,12968807
2022-06-06,233.1577606201172,264.6091003417969,265.572021484375,259.6982421875,262.2981262207031,11345943
2022-06-07,232.39413452148438,263.74249267578125,264.80169677734375,262.1536865234375,263.0684509277344,11245578
2022-06-08,227.30337524414062,257.9649963378906,264.22393798828125,256.3280334472656,263.7906188964844,14915091
2022-06-09,229.8063507080078,260.80560302734375,261.62408447265625,255.8947296142578,257.86871337890625,10239939
2022-06-10,229.21241760253906,260.1315612792969,260.9500427246094,258.7834777832031,259.0723571777344,8693455
2022-06-13,224.54583740234375,254.8355255126953,259.1204833984375,253.2467041015625,256.5206298828125,11519902
2022-06-14,225.224609375,255.60585021972656,257.53167724609375,253.29486083984375,253.4392852783203,7708043
2022-06-15,223.48529052734375,253.6318817138672,257.3872375488281,253.29486083984375,256.1354675292969,5254329
2022-06-16,221.19439697265625,251.03199768066406,257.9649963378906,249.8765106201172,257.0983581542969,14843837
2022-06-17,223.40040588378906,253.53558349609375,254.35406494140625,248.96173095703125,249.39505004882812,17296080
2022-06-20,224.07919311523438,254.30592346191406,256.2799072265625,251.65789794921875,253.53558349609375,17738981
2022-06-21,229.0002899169922,259.8908386230469,260.80560302734375,254.30592346191406,255.17254638671875,14417711
2022-06-22,225.0973358154297,255.46141052246094,260.2760009765625,255.0762481689453,257.0983581542969,11756920
2022-06-23,225.2670440673828,255.65399169921875,257.339111328125,252.66896057128906,255.65399169921875,9416459
2022-06-24,225.56399536132812,255.9910125732422,258.3983154296875,255.36512756347656,256.23175048828125,7283228
2022-06-27,229.042724609375,259.93896484375,260.6130065917969,256.6169128417969,257.0983581542969,8487729
2022-06-28,230.65478515625,261.7685241699219,262.1536865234375,258.59088134765625,258.92791748046875,11673046
2022-06-29,232.5214385986328,263.8869323730469,264.80169677734375,259.16864013671875,259.2649230957031,16635367
2022-06-30,232.0547637939453,263.3573303222656,264.5128173828125,261.9129333496094,263.7906188964844,20003893
2022-07-01,241.26058959960938,273.8049621582031,274.43084716796875,261.1426086425781,263.3573303222656,36520000
2022-07-04,247.66648864746094,281.074951171875,282.42303466796875,274.2382507324219,275.0567321777344,41417701
2022-07-05,243.4241485595703,276.2603759765625,282.1341552734375,275.1530456542969,282.1341552734375,19283789
2022-07-06,245.46046447753906,278.5713806152344,279.24542236328125,274.7197265625,275.49005126953125,18997440
2022-07-07,247.70887756347656,281.12310791015625,282.2785949707031,277.8010559082031,280.2083435058594,14326277
2022-07-08,248.64222717285156,282.18231201171875,283.5303955078125,279.6305847167969,282.0378723144531,11538313
2022-07-11,250.29672241210938,284.05999755859375,285.93768310546875,281.2193908691406,282.1341552734375,12828405
2022-07-12,248.3452911376953,281.8453063964844,284.3970031738281,280.1120300292969,282.1341552734375,14616684
2022-07-13,249.49070739746094,283.1452331542969,283.8674011230469,281.8453063964844,282.1341552734375,9634877
2022-07-14,246.77560424804688,280.06390380859375,285.35992431640625,278.42694091796875,283.3859558105469,13930984
2022-07-15,249.06640625,282.66375732421875,283.0970764160156,278.76397705078125,281.1712646484375,11450042
2022-07-18,250.55123901367188,284.348876953125,285.3117980957031,282.8563537597656,284.05999755859375,11751684
2022-07-19,249.95733642578125,283.6748352050781,284.63775634765625,281.8453063964844,284.05999755859375,9542292
2022-07-20,253.0118408203125,287.1413269042969,288.39312744140625,282.7119140625,283.9637145996094,16397373
2022-07-21,254.15719604492188,288.4412536621094,290.99298095703125,286.94873046875,287.9116516113281,16660697
2022-07-22,255.0056915283203,289.4041748046875,291.2818603515625,287.0450439453125,288.87457275390625,10351425
2022-07-25,255.47232055664062,289.93377685546875,291.7151794433594,287.7190856933594,287.9116516113281,11050533
2022-07-26,256.61773681640625,291.23370361328125,292.4855041503906,289.3078918457031,289.8374938964844,10114261
2022-07-27,258.06011962890625,292.87066650390625,293.68914794921875,289.45233154296875,291.6188659667969,9706094
2022-07-28,257.4662170410156,292.1966247558594,293.8817443847656,291.1855773925781,293.5928649902344,11256515
2022-07-29,257.1268310546875,291.81146240234375,294.5557861328125,290.17449951171875,293.68914794921875,17584873
2022-08-01,260.90252685546875,296.096435546875,297.3482360839844,291.859619140625,292.7262268066406,16501510
2022-08-02,262.98126220703125,298.45556640625,304.9071044921875,296.7704772949219,298.50372314453125,40483892
2022-08-03,261.4539794921875,296.7223205566406,299.370361328125,292.38922119140625,299.370361328125,18376724
2022-08-04,262.5994873046875,298.02227783203125,298.84075927734375,295.7594299316406,296.577880859375,16514348
2022-08-05,263.7448425292969,299.32220458984375,300.2369689941406,297.6371154785156,298.02227783203125,10477269
2022-08-08,265.69635009765625,301.5368957519531,302.3072509765625,298.5518798828125,299.4184875488281,8627072
2022-08-10,264.0418395996094,299.6592102050781,302.4516906738281,299.2259216308594,301.5368957519531,9267241
2022-08-11,259.8419189453125,294.8927917480469,301.8257751464844,293.97802734375,301.3924560546875,11305242
2022-08-12,261.7933654785156,297.10748291015625,297.92596435546875,293.20770263671875,294.8927917480469,6669853
2022-08-16,263.4903259277344,299.0333251953125,299.9480895996094,297.10748291015625,297.10748291015625,8941455
2022-08-17,265.187255859375,300.95916748046875,301.6332092285156,299.4666442871094,300.14068603515625,8283028
2022-08-18,267.8174743652344,303.9441833496094,304.2812194824219,301.0072937011719,301.3924560546875,10264507
2022-08-19,264.7206115722656,300.4295654296875,304.4256591796875,299.6592102050781,304.4256591796875,10823811
2022-08-22,266.7568664550781,302.74053955078125,305.244140625,299.4666442871094,299.6592102050781,11793184
2022-08-23,268.0295715332031,304.1849365234375,304.2812194824219,300.5258483886719,301.3443298339844,9698555
2022-08-24,266.5023498535156,302.4516906738281,307.603271484375,301.44061279296875,304.0404968261719,11783894
2022-08-25,265.0175476074219,300.7665710449219,304.6663818359375,300.0444030761719,303.7516174316406,8057930
2022-08-26,265.48419189453125,301.2961730957031,303.7034606933594,300.4295654296875,303.07757568359375,7224507
2022-08-29,266.0357360839844,301.9220886230469,303.2701416015625,297.3963623046875,298.50372314453125,11798961
2022-08-30,271.9325256347656,308.6143493652344,309.48095703125,302.5960998535156,302.5960998535156,18516092
2022-09-01,269.4719543457031,305.8218688964844,309.96240234375,304.2812194824219,307.65142822265625,13765474
2022-09-02,274.1809387207031,311.1660461425781,312.22528076171875,306.25518798828125,306.8810729980469,26750910
2022-09-05,279.0171813964844,316.6546630859375,317.3768615722656,311.7438049316406,312.94744873046875,18144801
2022-09-06,277.5748291015625,315.0177307128906,317.76202392578125,314.2955322265625,317.76202392578125,12431779
2022-09-07,276.68389892578125,314.00665283203125,316.12506103515625,313.18817138671875,313.9103698730469,8397233
2022-09-08,279.9080505371094,317.6657409667969,318.33978271484375,315.354736328125,316.7991027832031,11331350
2022-09-09,280.4171447753906,318.2434997558594,320.93963623046875,317.76202392578125,318.33978271484375,9770432
2022-09-12,280.75653076171875,318.628662109375,320.0730285644531,317.76202392578125,319.6878662109375,9048240
2022-09-13,283.7261657714844,321.9988708496094,322.57659912109375,318.33978271484375,319.39898681640625,10925371
2022-09-14,284.5321960449219,322.91363525390625,326.4282531738281,318.6767883300781,318.7249450683594,12739464
2022-09-15,283.47161865234375,321.7099914550781,324.55059814453125,320.5544738769531,323.9246826171875,8742900
2022-09-16,281.0959167480469,319.0138244628906,322.1914367675781,317.47314453125,320.0248718261719,12973988
2022-09-19,284.74432373046875,323.15435791015625,324.4061584472656,316.8954162597656,316.8954162597656,14918717
2022-09-20,285.083740234375,323.5395202636719,327.0060119628906,322.57659912109375,326.1875305175781,9892945
2022-09-21,289.2835998535156,328.3059387207031,332.3983459472656,323.0580749511719,323.5395202636719,21800547
2022-09-22,292.7623291015625,332.25390625,335.8166809082031,328.2578125,328.3540954589844,25111230
2022-09-23,293.90777587890625,333.5538330078125,336.5870361328125,330.5688171386719,334.613037109375,23718397
2022-09-26,282.1989440917969,320.265625,333.1205139160156,319.4471435546875,332.0613098144531,16829922
2022-09-27,284.1079406738281,322.4321594238281,326.9578857421875,321.6136779785156,322.57659912109375,10375837
2022-09-28,275.7081604003906,312.8993225097656,320.93963623046875,312.2734069824219,319.63970947265625,16151900
2022-09-29,282.5807189941406,320.69891357421875,322.4803161621094,315.595458984375,316.7991027832031,18985406
2022-09-30,281.85955810546875,319.88043212890625,323.2987976074219,317.9064636230469,320.69891357421875,12906555
2022-10-03,275.2415466308594,312.36968994140625,320.6507873535156,311.2623596191406,320.5544738769531,9462192
2022-10-04,282.4110412597656,320.50634765625,321.6136779785156,315.8362121582031,316.51025390625,9142294
2022-10-06,285.63519287109375,324.1654052734375,326.7171325683594,320.21746826171875,322.57659912109375,23091432
2022-10-07,283.47161865234375,321.7099914550781,324.3580017089844,319.0138244628906,324.3098449707031,10910698
2022-10-10,278.1687316894531,315.6917724609375,319.15826416015625,313.9585266113281,317.76202392578125,9750594
2022-10-11,276.8536376953125,314.1992492675781,318.1953430175781,313.0437316894531,316.7991027832031,11018577
2022-10-12,280.0777587890625,317.8583068847656,319.15826416015625,312.70672607421875,315.7880554199219,10735673
2022-10-13,278.84747314453125,316.46209716796875,319.0138244628906,315.8362121582031,317.7138977050781,7546587
2022-10-14,281.77471923828125,319.7841491699219,321.51739501953125,318.58050537109375,319.97674560546875,6672357
2022-10-17,281.9019775390625,319.9285888671875,322.33587646484375,317.3768615722656,318.82122802734375,7195922
2022-10-18,288.7320861816406,327.6800537109375,328.3540954589844,321.1803894042969,321.5655517578125,21691854
2022-10-19,293.86529541015625,333.5057067871094,334.5649108886719,327.1986083984375,330.376220703125,16923690
2022-10-20,296.70770263671875,336.7314758300781,337.93511962890625,332.01318359375,334.131591796875,19186222
2022-10-21,293.2289733886719,332.78350830078125,340.1016540527344,331.72430419921875,340.1016540527344,28426343
2022-10-24,295.0107116699219,334.8056335449219,336.7314758300781,334.131591796875,336.00927734375,3292671
2022-10-25,293.8228454589844,333.4575500488281,336.53887939453125,330.90582275390625,336.49072265625,17906260
2022-10-27,293.3987121582031,332.9761047363281,335.4315185546875,331.0984191894531,333.7945556640625,19273344
2022-10-28,293.3987121582031,332.9761047363281,335.6722412109375,332.30206298828125,334.66119384765625,13572499
2022-10-31,295.85919189453125,335.7685546875,337.5018005371094,331.96502685546875,335.0945129394531,14358449
2022-11-01,296.5379943847656,336.53887939453125,337.5018005371094,334.3241882324219,336.29815673828125,20422565
2022-11-02,300.9075622558594,341.4978942871094,343.0385437011719,335.5759582519531,335.5759582519531,17427813
2022-11-03,300.10150146484375,340.5831298828125,345.2051086425781,339.9090881347656,340.87200927734375,11149636
2022-11-04,300.0166931152344,340.48681640625,342.7978210449219,339.4276123046875,340.87200927734375,8709851
2022-11-07,299.9317932128906,340.3905334472656,343.1348571777344,337.02032470703125,341.83489990234375,10437370
2022-11-09,306.040771484375,347.3235168457031,348.04571533203125,340.1016540527344,340.3905334472656,21404869
2022-11-10,302.0530090332031,342.7978210449219,346.5531921386719,340.9682922363281,345.68658447265625,20071989
2022-11-11,302.3499450683594,343.1348571777344,347.56427001953125,341.4978942871094,346.64947509765625,11372654
2022-11-14,294.5865173339844,334.3241882324219,343.71258544921875,333.7464294433594,343.1348571777344,18319254
2022-11-15,292.9320068359375,332.4465026855469,336.00927734375,326.57269287109375,336.00927734375,16046491
2022-11-16,291.9562683105469,331.3391418457031,333.9871520996094,328.97998046875,332.8797912597656,7897812
2022-11-17,291.61688232421875,330.9539794921875,334.5649108886719,329.894775390625,331.3391418457031,10379179
2022-11-18,289.3684387207031,328.4022521972656,331.96502685546875,327.1986083984375,330.9539794921875,8140173
2022-11-21,286.10186767578125,324.69500732421875,327.39117431640625,321.9988708496094,326.5245666503906,9553090
2022-11-22,288.6896667480469,327.63189697265625,328.3540954589844,323.2506408691406,324.50244140625,6746019
2022-11-23,288.307861328125,327.1986083984375,329.3170166015625,324.98388671875,329.3170166015625,8067471
2022-11-24,289.1139221191406,328.1133728027344,329.7984619140625,325.03204345703125,327.1986083984375,8454385
2022-11-25,288.7320861816406,327.6800537109375,329.2207336425781,325.27276611328125,328.3540954589844,7200274
2022-11-28,288.52001953125,327.4393310546875,329.0762939453125,326.1875305175781,327.39117431640625,10284123
2022-11-29,290.4290466308594,329.60589599609375,332.20574951171875,327.39117431640625,327.39117431640625,10582296
2022-11-30,288.4775390625,327.39117431640625,331.38726806640625,326.4282531738281,328.5948181152344,23425220
2022-12-01,288.09576416015625,326.9578857421875,329.02813720703125,324.3098449707031,329.02813720703125,17270904
2022-12-02,286.0594787597656,324.6468811035156,328.1615295410156,324.26171875,326.7652893066406,8711914
2022-12-05,285.7200927734375,324.26171875,326.2838439941406,321.75811767578125,325.1283264160156,10090597
2022-12-06,286.18670654296875,324.79132080078125,325.6579284667969,321.7099914550781,321.7099914550781,6571118
2022-12-07,288.56243896484375,327.48748779296875,328.8355407714844,324.1654052734375,325.9468078613281,10191144
2022-12-08,287.12005615234375,325.85052490234375,329.4614562988281,324.98388671875,327.5837707519531,6439244
2022-12-09,289.6653747558594,328.7392578125,329.7984619140625,325.4653625488281,327.15045166015625,8445424
2022-12-12,291.1926574707031,330.4725036621094,331.24285888671875,327.48748779296875,328.3540954589844,11646572
2022-12-13,293.2289733886719,332.78350830078125,333.1686706542969,329.7021789550781,331.72430419921875,11105261
2022-12-14,293.05926513671875,332.5909118652344,334.4685974121094,331.0021057128906,333.1686706542969,7664099
2022-12-15,287.5018615722656,326.2838439941406,333.26495361328125,325.4653625488281,331.96502685546875,8469001
2022-12-16,284.3201599121094,322.67291259765625,326.33197021484375,319.0138244628906,324.98388671875,12907968
2022-12-19,288.9018249511719,327.8726501464844,329.6540222167969,322.91363525390625,324.3098449707031,8113695
2022-12-20,288.6048278808594,327.5356140136719,328.3059387207031,324.26171875,327.4393310546875,5693354
2022-12-21,284.3625183105469,322.7210388183594,328.5948181152344,322.09515380859375,328.3540954589844,7316532
2022-12-22,282.0716552734375,320.1211853027344,324.8876037597656,317.6657409667969,323.2025146484375,6838031
2022-12-23,277.1929931640625,314.58441162109375,319.5915832519531,313.28448486328125,318.628662109375,10461859
2022-12-26,283.8958435058594,322.1914367675781,322.67291259765625,313.4289245605469,314.3918151855469,9934633
2022-12-27,282.6656188964844,320.79522705078125,323.9246826171875,317.9064636230469,323.15435791015625,6986433
2022-12-28,283.7261657714844,321.9988708496094,322.57659912109375,319.2063903808594,320.50634765625,8035558
2022-12-29,284.5321960449219,322.91363525390625,323.2987976074219,319.2545471191406,321.9507141113281,8417520
2022-12-30,281.30804443359375,319.2545471191406,324.26171875,318.2434997558594,322.9617614746094,7228324
2023-01-02,282.4110412597656,320.50634765625,321.6136779785156,317.4250183105469,318.628662109375,6181118
2023-01-03,280.92620849609375,318.82122802734375,320.98779296875,318.00274658203125,319.2063903808594,6228015
2023-01-04,277.4475402832031,314.873291015625,320.1693115234375,313.9103698730469,319.5434265136719,6947412
2023-01-05,282.9201354980469,321.0840759277344,321.51739501953125,316.0287780761719,316.46209716796875,8486143
2023-01-06,284.27764892578125,322.624755859375,325.03204345703125,320.7470703125,322.2877197265625,8603181
2023-01-09,286.8230285644531,325.51348876953125,328.6429748535156,323.6839599609375,324.45428466796875,11027747
2023-01-10,282.8777160644531,321.03594970703125,325.85052490234375,320.21746826171875,325.3690490722656,7217255
2023-01-11,281.5201721191406,319.4952697753906,322.67291259765625,319.0138244628906,322.67291259765625,4760847
2023-01-12,279.8656311035156,317.6175842285156,321.228515625,315.9324951171875,321.03594970703125,6894087
2023-01-13,278.9323425292969,316.5583801269531,319.9285888671875,314.2955322265625,317.6175842285156,14967746
2023-01-16,280.16259765625,317.9546203613281,319.88043212890625,315.40289306640625,318.09906005859375,8571826
2023-01-17,281.9019775390625,319.9285888671875,321.1322326660156,316.8954162597656,317.9546203613281,14240647
2023-01-18,283.93829345703125,322.2395935058594,324.0691223144531,320.0730285644531,321.6136779785156,13039078
2023-01-19,281.8171081542969,319.8323059082031,323.2025146484375,319.350830078125,321.6136779785156,8667564
2023-01-20,283.8958435058594,322.1914367675781,322.7691955566406,317.03985595703125,319.6878662109375,13608325
2023-01-23,286.5685119628906,325.224609375,325.60980224609375,320.69891357421875,323.5395202636719,7399204
2023-01-24,287.586669921875,326.380126953125,328.1133728027344,325.0802001953125,325.27276611328125,12776694
2023-01-25,287.84124755859375,326.66900634765625,328.3540954589844,322.81732177734375,326.33197021484375,12978859
2023-01-27,293.568359375,333.1686706542969,335.9129943847656,328.8355407714844,329.1244201660156,21850457
2023-01-30,292.5501708984375,332.01318359375,338.7054443359375,329.1725769042969,334.0353088378906,14634225
2023-01-31,298.9560852050781,339.2831726074219,341.83489990234375,328.4022521972656,333.1686706542969,17794183
2023-02-01,306.6346740722656,347.99755859375,352.1380920410156,316.8954162597656,339.9090881347656,67003785
2023-02-02,321.2283020019531,364.5597229003906,370.4335021972656,347.03466796875,348.1901550292969,57892084
2023-02-03,322.96759033203125,366.53369140625,368.0743408203125,358.2044677734375,367.7373352050781,23153980
2023-02-06,325.3009033203125,369.18170166015625,373.8037109375,365.5226135253906,368.3150939941406,26783409
2023-02-07,316.68896484375,359.4081115722656,369.66314697265625,354.7861328125,369.66314697265625,21438758
2023-02-08,318.64044189453125,361.6228332519531,363.30792236328125,357.7711486816406,360.85247802734375,10821785
2023-02-09,317.5374755859375,360.37103271484375,365.9078063964844,358.3489074707031,360.13031005859375,12318006
2023-02-10,315.076904296875,357.5785827636719,362.97088623046875,356.5675048828125,358.3970642089844,10674456
2023-02-13,317.4950256347656,360.3228759765625,361.2376403808594,356.27862548828125,359.1673889160156,10282470
2023-02-14,327.8886413574219,372.11859130859375,373.27410888671875,359.8895568847656,361.0932312011719,30246745
2023-02-15,329.5971374511719,368.0262145996094,368.652099609375,364.5115661621094,367.5928955078125,12679568
2023-02-16,329.89892578125,368.36322021484375,370.9631042480469,366.8706970214844,367.8336181640625,10151755
2023-02-17,330.6319885253906,369.18170166015625,370.2890625,365.18560791015625,366.9188537597656,7967611
2023-02-20,331.1924743652344,369.8075866699219,373.1296691894531,367.1595764160156,370.4335021972656,8105569
2023-02-21,329.64019775390625,368.0743408203125,371.5889892578125,367.54473876953125,370.7223815917969,8577674
2023-02-22,331.0199890136719,369.6150207519531,370.6260681152344,365.9078063964844,367.8336181640625,9306194
2023-02-23,334.25390625,373.2259521484375,379.38861083984375,368.892822265625,370.1927795410156,19555814
2023-02-24,332.09796142578125,370.81866455078125,374.57403564453125,366.8706970214844,374.57403564453125,13407431
2023-02-27,329.5971374511719,368.0262145996094,372.45562744140625,364.0782470703125,370.81866455078125,8455904
2023-02-28,324.85406494140625,362.73016357421875,370.00018310546875,361.0932312011719,368.3150939941406,16997837
2023-03-01,326.57879638671875,364.656005859375,366.29296875,359.7451477050781,360.37103271484375,8065784
2023-03-02,323.8623962402344,361.6228332519531,365.66705322265625,360.8043518066406,365.42633056640625,5212922
2023-03-03,331.9686584472656,370.6742248535156,371.1075439453125,362.1524353027344,363.01904296875,8495772
2023-03-06,334.72821044921875,373.75555419921875,377.9442443847656,370.9631042480469,371.5889892578125,11126980
2023-03-08,338.39324951171875,377.8479309082031,378.57012939453125,370.81866455078125,373.6111145019531,9261146
2023-03-09,334.16766357421875,373.1296691894531,379.0034484863281,371.3482666015625,377.55908203125,10005328
2023-03-10,334.5988464355469,373.6111145019531,375.7295227050781,369.2779846191406,372.6000671386719,8684320
2023-03-13,330.8475341796875,369.42242431640625,376.403564453125,368.3150939941406,374.7666015625,9130473
2023-03-14,327.4412536621094,365.6189270019531,372.11859130859375,363.2116394042969,371.39642333984375,10623744
2023-03-15,327.1824951171875,365.3300476074219,370.04833984375,363.9819641113281,366.8706970214844,8748113
2023-03-16,328.9503479003906,367.30401611328125,368.170654296875,362.8746032714844,366.48553466796875,16315136
2023-03-17,323.8623962402344,361.6228332519531,370.7223815917969,355.9416198730469,370.7223815917969,50787703
2023-03-20,326.6650390625,364.7522888183594,365.2818908691406,358.2044677734375,359.4562683105469,10512002
2023-03-21,325.0697021484375,362.97088623046875,364.7522888183594,360.1784362792969,364.7522888183594,12057999
2023-03-22,325.7595520019531,363.7412414550781,364.8004455566406,360.3228759765625,362.97088623046875,4958761
2023-03-23,328.2604675292969,366.53369140625,368.5558166503906,360.5154724121094,363.01904296875,10127917
2023-03-24,326.57879638671875,364.656005859375,368.7965393066406,363.9819641113281,367.3521728515625,10317108
2023-03-27,327.87237548828125,366.1003723144531,370.1446228027344,362.3931579589844,363.9338073730469,11232922
2023-03-28,327.4842834472656,365.66705322265625,368.170654296875,364.12640380859375,366.1003723144531,9523719
2023-03-29,330.0714111328125,368.5558166503906,369.75946044921875,363.1634826660156,366.1003723144531,10551626
2023-03-31,330.7181396484375,369.2779846191406,370.24090576171875,365.9078063964844,367.8336181640625,9877493
2023-04-03,326.7513122558594,364.84857177734375,369.75946044921875,364.4634094238281,369.75946044921875,7331070
2023-04-05,333.2190856933594,372.0704650878906,372.69635009765625,364.84857177734375,364.84857177734375,12055499
2023-04-06,334.0382995605469,372.9852294921875,375.8258056640625,369.9520263671875,372.3111877441406,13394394
2023-04-10,335.07318115234375,374.1407165527344,375.5369567871094,370.48162841796875,372.9852294921875,7044256
2023-04-11,341.497802734375,381.3144226074219,383.3365478515625,373.6111145019531,374.1407165527344,18939829
2023-04-12,339.385009765625,378.9552917480469,383.0476989746094,377.55908203125,382.9995422363281,10122932
2023-04-13,341.15283203125,380.92926025390625,381.8921813964844,379.0997314453125,380.8329772949219,6292395
2023-04-17,345.0766296386719,385.310546875,387.0919189453125,378.32940673828125,378.32940673828125,11466474
2023-04-18,343.6536560058594,383.7217102050781,387.0919189453125,382.27734375,385.1661071777344,9860308
2023-04-19,343.86932373046875,383.96246337890625,386.4660339355469,381.3144226074219,381.3625793457031,10119480
2023-04-20,345.2059631347656,385.4549865722656,387.71783447265625,382.9513854980469,385.1661071777344,6924577
2023-04-21,352.0617980957031,393.1101379394531,393.83233642578125,384.2513427734375,385.4549865722656,14801099
2023-04-24,352.4498596191406,393.54345703125,394.7952575683594,389.2103271484375,394.7952575683594,6212135
2023-04-25,354.9076232910156,396.28778076171875,398.2135925292969,392.2916564941406,393.54345703125,9180650
2023-04-26,355.5112609863281,396.9618225097656,397.6839904785156,393.8804931640625,396.7210693359375,7914219
2023-04-27,358.74517822265625,400.57275390625,401.92083740234375,395.7581787109375,396.9136657714844,13100076
2023-04-28,366.98077392578125,409.7685852050781,412.3684387207031,398.3580322265625,402.4985656738281,13208557
2023-05-02,366.03216552734375,408.7093811035156,411.164794921875,405.57989501953125,410.201904296875,10648421
2023-05-03,368.36053466796875,411.3092346191406,412.60919189453125,406.39837646484375,408.27606201171875,7607609
2023-05-04,366.1614990234375,408.85382080078125,411.164794921875,408.27606201171875,409.5278625488281,8292456
2023-05-05,369.7403564453125,412.84991455078125,415.8830871582031,408.61309814453125,410.15374755859375,12890455
2023-05-08,372.0687561035156,415.44976806640625,417.3756103515625,413.42767333984375,415.0164794921875,7522610
2023-05-09,365.4715881347656,408.0834655761719,417.08673095703125,405.8687744140625,416.7497253417969,10377820
2023-05-10,366.8082580566406,409.57598876953125,410.5389099121094,406.5428161621094,408.2279052734375,10130159
2023-05-11,362.5395812988281,404.8095703125,411.54998779296875,403.3652038574219,411.4055480957031,16597954
2023-05-12,362.58270263671875,404.85772705078125,407.0242614746094,400.6208801269531,404.8095703125,11564770
2023-05-15,368.9211120605469,411.9351501464844,412.8017578125,403.5096435546875,404.4244079589844,9503538
2023-05-16,365.6009826660156,408.2279052734375,414.0535583496094,407.79461669921875,414.0535583496094,8302077
2023-05-17,368.7486267089844,411.7425537109375,413.04248046875,406.927978515625,408.4205017089844,9844782
2023-05-18,361.9359130859375,404.1355285644531,416.4126892089844,402.5948791503906,414.0535583496094,24919291
2023-05-19,362.0653076171875,404.27996826171875,407.4094543457031,396.0951843261719,405.33917236328125,26759905
2023-05-22,366.2908935546875,408.9982604980469,409.9611511230469,403.5577697753906,406.3020935058594,16015615
2023-05-23,370.0853271484375,413.2350769042969,415.20904541015625,408.4686584472656,410.201904296875,9068926
2023-05-24,373.8366394042969,417.42376708984375,418.6274108886719,411.164794921875,412.4165954589844,11921823
2023-05-25,380.4336853027344,424.7900695800781,426.0418395996094,418.675537109375,420.7458190917969,18905572
2023-05-26,382.5464782714844,427.1492004394531,428.2565612792969,423.2012634277344,426.95660400390625,13496209
2023-05-29,387.28955078125,432.4452209472656,435.04510498046875,427.6306457519531,428.4972839355469,20589822
2023-05-30,396.6940612792969,433.215576171875,434.7080993652344,424.6456298828125,424.6456298828125,19627897
2023-05-31,392.8144226074219,428.9787292480469,435.2377014160156,426.0418395996094,432.6378173828125,14821960
2023-06-01,387.7003479003906,423.3938293457031,430.4231262207031,422.71978759765625,430.4231262207031,9142172
2023-06-02,390.9627380371094,426.95660400390625,428.4010009765625,423.4901123046875,423.6827087402344,9558309
2023-06-05,388.5379638671875,424.30859375,430.2786865234375,423.77899169921875,428.4972839355469,7427630
2023-06-06,390.4337463378906,426.3788757324219,427.1492004394531,424.06787109375,424.4530334472656,6703067
2023-06-07,391.4477233886719,427.4862365722656,429.1231689453125,426.3307189941406,427.53436279296875,7833952
2023-06-08,390.5218811035156,426.47515869140625,429.219482421875,425.5122375488281,429.17132568359375,7294955
2023-06-09,386.5981750488281,422.190185546875,428.2084045410156,419.0125732421875,419.0125732421875,7329661
2023-06-12,385.2755432128906,420.7458190917969,424.59747314453125,417.7607727050781,423.6827087402344,9054977
2023-06-13,392.7262268066406,428.8824462890625,429.8453674316406,422.0457458496094,424.6456298828125,16732376
2023-06-14,391.93267822265625,428.0158386230469,431.1452941894531,427.29364013671875,429.700927734375,9039402
2023-06-15,395.10693359375,431.4823303222656,432.10821533203125,428.2565612792969,428.4972839355469,7787525
2023-06-16,399.515625,436.2969055175781,438.7041931152344,431.28973388671875,432.34893798828125,12181426
2023-06-19,399.95648193359375,436.7783508300781,438.9930725097656,435.4784240722656,437.8857116699219,4350517
2023-06-20,399.2951965332031,436.0561828613281,437.933837890625,433.456298828125,437.933837890625,4644353
2023-06-21,394.18109130859375,430.47125244140625,437.3561096191406,428.5454406738281,435.2377014160156,6292873
2023-06-22,394.71014404296875,431.04901123046875,432.974853515625,429.3157653808594,431.3860168457031,6892713
2023-06-23,392.15313720703125,428.2565612792969,431.04901123046875,426.2825927734375,430.9045715332031,6325479
2023-06-26,392.99078369140625,429.17132568359375,434.6599426269531,427.53436279296875,430.3268127441406,5688287
2023-06-27,392.46173095703125,428.59356689453125,430.6156921386719,426.71588134765625,429.5564880371094,5052984
2023-06-28,396.2091369628906,432.68597412109375,433.8896179199219,428.0158386230469,428.4972839355469,12548096
2023-06-30,398.1930236816406,434.8525390625,435.1895446777344,430.0379333496094,433.3118591308594,9456776
2023-07-03,408.4653015136719,446.07049560546875,448.67034912109375,433.3600158691406,434.8525390625,11111199
2023-07-04,411.19866943359375,449.0555114746094,450.64434814453125,442.7484436035156,447.7555847167969,8022597
2023-07-05,418.9138488769531,457.48101806640625,462.8252258300781,447.08154296875,449.0555114746094,16878943
2023-07-06,417.8557434082031,456.3255310058594,459.69573974609375,453.0516357421875,459.6475830078125,9835812
2023-07-07,413.0062255859375,451.0295104980469,457.8662109375,450.2591552734375,455.45892333984375,7605499
2023-07-10,410.75775146484375,448.5740661621094,453.4367980957031,446.5037841796875,452.5701599121094,6772454
2023-07-11,417.19451904296875,455.6033630371094,456.951416015625,448.718505859375,448.718505859375,8783282
2023-07-12,416.44500732421875,454.7848815917969,460.0327453613281,453.00347900390625,460.0327453613281,12816220
2023-07-13,416.1804504394531,454.4960021972656,459.0698547363281,453.5330810546875,456.3255310058594,8214385
2023-07-14,416.9739990234375,455.36260986328125,457.3847351074219,453.8700866699219,455.45892333984375,5277090
2023-07-17,416.4890441894531,454.8330078125,458.1550598144531,453.1479187011719,456.9032897949219,6325310
2023-07-18,416.621337890625,454.9774475097656,456.6144104003906,453.5330810546875,455.0256042480469,5558415
2023-07-19,422.22039794921875,461.09197998046875,462.63262939453125,450.7406311035156,455.2181701660156,14401395
2023-07-20,433.947509765625,473.89874267578125,475.3912658691406,458.63653564453125,462.10302734375,21030102
2023-07-21,432.44854736328125,472.26177978515625,479.242919921875,468.9397277832031,473.56170654296875,14510084
2023-07-24,415.60736083984375,453.8700866699219,481.16876220703125,450.78875732421875,475.1505126953125,40477929
2023-07-25,407.62762451171875,445.1557312011719,451.12579345703125,438.5115966796875,450.54803466796875,45211370
2023-07-26,416.40093994140625,454.7367248535156,455.45892333984375,444.91497802734375,447.6593017578125,18842179
2023-07-27,410.0523986816406,447.8037414550781,457.5291748046875,444.0002136230469,456.8070068359375,14528232
2023-07-28,413.05029296875,451.07763671875,452.0405578613281,446.2149353027344,450.35546875,10362522
2023-07-31,410.62548828125,448.42962646484375,452.2812805175781,446.31121826171875,451.60723876953125,8510403
2023-08-01,409.83197021484375,447.5630187988281,451.4627990722656,446.60009765625,448.718505859375,6686176
2023-08-02,405.6877746582031,443.03729248046875,447.5630187988281,441.0151672363281,447.37042236328125,10715605
2023-08-03,402.11676025390625,439.13751220703125,446.55194091796875,437.452392578125,443.03729248046875,11026824
2023-08-04,401.1468505859375,438.0782775878906,444.2890930175781,437.40423583984375,439.37823486328125,7097614
2023-08-07,401.1027526855469,438.0301513671875,439.61895751953125,434.22662353515625,437.25982666015625,9513953
2023-08-08,398.8543395996094,435.57470703125,440.0522766113281,434.3229064941406,440.0522766113281,6638681
2023-08-09,404.4092712402344,441.6410827636719,442.8447265625,430.3268127441406,435.57470703125,10134166
2023-08-10,398.32525634765625,434.9969482421875,442.2669677734375,432.34893798828125,441.8818054199219,13702317
2023-08-11,395.6800842285156,432.10821533203125,437.0672302246094,428.2565612792969,437.0672302246094,12028396
2023-08-14,396.07684326171875,432.5415344238281,434.5155029296875,428.5454406738281,432.10821533203125,7854074
2023-08-16,397.002685546875,433.5525817871094,440.43743896484375,431.57861328125,434.2747802734375,15494896
2023-08-17,388.8465881347656,424.6456298828125,433.3118591308594,423.6827087402344,433.3118591308594,16896158
2023-08-18,389.41973876953125,425.2715148925781,426.9084777832031,422.23834228515625,424.6456298828125,20068497
2023-08-21,394.8424377441406,431.1934509277344,431.86749267578125,424.9826354980469,425.6085510253906,9940689
2023-08-22,400.52960205078125,437.40423583984375,438.2708740234375,430.4231262207031,432.34893798828125,10234488
2023-08-23,397.17901611328125,433.74517822265625,438.7523193359375,431.9637756347656,438.7041931152344,8770272
2023-08-24,397.5758361816406,434.1784973144531,436.68206787109375,432.6378173828125,433.8896179199219,6322751
2023-08-25,390.918701171875,426.9084777832031,434.2747802734375,425.65667724609375,434.1784973144531,9628041
2023-08-28,389.1993103027344,425.0307922363281,430.2786865234375,424.6456298828125,428.4972839355469,7176903
2023-08-29,388.0530090332031,423.77899169921875,427.53436279296875,422.9123840332031,426.5233154296875,9845106
2023-08-30,390.4337463378906,426.3788757324219,427.53436279296875,424.1641540527344,424.6456298828125,7648569
2023-08-31,387.7003479003906,423.3938293457031,428.4010009765625,419.9273376464844,426.5714416503906,20666732
2023-09-01,388.89068603515625,424.6937561035156,428.4972839355469,422.0457458496094,423.6827087402344,11879159
2023-09-04,385.760498046875,421.2754211425781,426.9084777832031,420.4569396972656,426.9084777832031,14128562
2023-09-05,390.6982421875,426.6677551269531,428.0158386230469,422.23834228515625,422.6235046386719,8701612
2023-09-06,394.5337829589844,430.8564147949219,431.86749267578125,425.6085510253906,427.4862365722656,13358433
2023-09-07,393.1671142578125,429.3639221191406,432.34893798828125,428.11212158203125,432.1563720703125,8401953
2023-09-08,390.3014831542969,426.23443603515625,431.28973388671875,425.464111328125,431.28973388671875,10322317
2023-09-11,394.3133850097656,430.6156921386719,431.4823303222656,426.23443603515625,429.460205078125,9679540
2023-09-12,397.7962341308594,434.4192199707031,437.452392578125,429.0750427246094,432.2526550292969,14961276
2023-09-13,399.8683166503906,436.68206787109375,440.0522766113281,434.3710632324219,435.4302673339844,12268130
2023-09-14,396.7381286621094,433.2637023925781,438.9930725097656,430.56756591796875,438.9930725097656,14986708
2023-09-15,395.3273620605469,431.7230529785156,435.333984375,430.4231262207031,431.4341735839844,15657801
2023-09-18,398.58978271484375,435.28582763671875,437.16351318359375,429.65277099609375,431.7230529785156,8513132
2023-09-20,399.3833923339844,436.1524658203125,438.22271728515625,432.8785400390625,434.9488220214844,10343224
2023-09-21,394.5779113769531,430.9045715332031,436.7301940917969,428.0158386230469,436.0080261230469,11132308
2023-09-22,390.6982421875,426.6677551269531,431.7712097167969,425.8492736816406,430.9045715332031,7795399
2023-09-25,390.2573547363281,426.186279296875,428.3046875,422.0939025878906,426.6677551269531,6005673
2023-09-26,390.1251525878906,426.0418395996094,428.0158386230469,423.3938293457031,427.1492004394531,5533023
2023-09-27,396.03277587890625,432.4933776855469,433.1192626953125,422.5272216796875,426.0418395996094,10894817
2023-09-28,388.6261901855469,424.4049072265625,433.2637023925781,423.29754638671875,433.2637023925781,10610213
2023-09-29,391.844482421875,427.9195251464844,429.0750427246094,422.9123840332031,425.6085510253906,8474326
2023-10-03,387.7444152832031,423.4419860839844,426.47515869140625,422.96051025390625,424.6456298828125,7770032
2023-10-04,384.52606201171875,419.9273376464844,425.3196716308594,417.2311706542969,423.4419860839844,13912656
2023-10-05,384.48193359375,419.8791809082031,424.1641540527344,418.9162902832031,423.6827087402344,10416552
2023-10-06,389.8605651855469,425.7529602050781,427.1492004394531,420.4569396972656,421.6124267578125,8742804
2023-10-09,388.36163330078125,424.11602783203125,426.7640380859375,421.0346984863281,424.59747314453125,5827256
2023-10-10,391.844482421875,427.9195251464844,428.35284423828125,424.11602783203125,424.11602783203125,5207891
2023-10-11,395.2392272949219,431.62677001953125,432.7822570800781,428.3046875,430.6156921386719,7946195
2023-10-12,397.3994445800781,433.98590087890625,435.7191467285156,429.6046447753906,432.974853515625,12227957
2023-10-13,395.3273620605469,431.7230529785156,435.04510498046875,430.4231262207031,433.16741943359375,7926432
2023-10-16,395.8564147949219,432.3008117675781,434.2747802734375,429.65277099609375,431.3860168457031,4377288
2023-10-17,399.82421875,436.6339111328125,437.6449890136719,432.34893798828125,433.1192626953125,7203352
2023-10-18,398.2370910644531,434.9006652832031,441.207763671875,434.2747802734375,437.40423583984375,7160492
2023-10-19,397.1349182128906,433.697021484375,438.0301513671875,430.2786865234375,433.0711364746094,9830006
2023-10-20,386.4659118652344,422.0457458496094,432.34893798828125,421.1309814453125,428.4972839355469,13521824
2023-10-23,384.3497009277344,419.7347412109375,423.6345520019531,417.0386047363281,421.7568664550781,7555671
2023-10-25,381.5281677246094,416.6534118652344,421.7568664550781,411.21295166015625,420.6976623535156,11308597
2023-10-26,382.9830017089844,418.24224853515625,420.4087829589844,413.6202392578125,413.6202392578125,19525305
2023-10-27,382.4540100097656,417.66448974609375,420.60137939453125,416.1719665527344,418.24224853515625,13638258
2023-10-30,379.54425048828125,414.48687744140625,420.9383850097656,412.4647521972656,418.434814453125,7911426
2023-10-31,377.7366638183594,412.51287841796875,417.2793273925781,412.03143310546875,414.0535583496094,8952141
2023-11-01,377.4721984863281,412.2240295410156,415.1127624511719,409.7204284667969,414.0535583496094,8297973
2023-11-02,380.1614990234375,415.1609191894531,416.6534118652344,412.7536315917969,414.1017150878906,8465990
2023-11-03,382.0130920410156,417.1830139160156,418.2903747558594,415.1127624511719,416.7497253417969,14334179
2023-11-06,383.86474609375,419.20513916015625,420.60137939453125,416.5090026855469,417.42376708984375,7589690
2023-11-07,381.5281677246094,416.6534118652344,418.7718505859375,416.1238098144531,418.7718505859375,5321353
2023-11-08,385.2755432128906,420.7458190917969,421.2754211425781,416.26824951171875,417.08673095703125,7248663
2023-11-09,383.0271301269531,418.2903747558594,421.7568664550781,417.8089294433594,421.5643005371094,8085620
2023-11-10,384.9228820800781,420.36065673828125,421.7568664550781,416.4608459472656,418.2903747558594,4236307
2023-11-13,384.4378967285156,419.8310546875,422.14202880859375,418.8681335449219,422.14202880859375,3888975
2023-11-15,389.6842346191406,425.5603942871094,426.0899963378906,421.2754211425781,421.8531799316406,7722827
2023-11-16,386.7745361328125,422.3827819824219,428.0158386230469,421.3717041015625,425.5603942871094,11276031
2023-11-17,387.30352783203125,422.96051025390625,425.1270751953125,422.0457458496094,422.96051025390625,6911592
2023-11-20,385.1432800292969,420.60137939453125,423.9715881347656,418.3866882324219,423.53826904296875,4502356
2023-11-21,384.6583557128906,420.07177734375,423.0086669921875,419.3495788574219,420.9383850097656,6228803
2023-11-22,387.7003479003906,423.3938293457031,424.06787109375,418.675537109375,420.7939758300781,5074887
2023-11-23,388.2734375,424.01971435546875,425.8492736816406,421.99761962890625,424.59747314453125,6611803
2023-11-24,386.0250244140625,421.5643005371094,425.8492736816406,420.6495361328125,424.6456298828125,7084608
2023-11-28,383.7765808105469,419.1088562011719,422.71978759765625,418.7718505859375,421.7568664550781,9082513
2023-11-29,385.4960021972656,420.9865417480469,422.23834228515625,418.0496520996094,419.8310546875,14316126
2023-11-30,384.26153564453125,419.6384582519531,422.190185546875,418.3866882324219,420.5050964355469,15710110
2023-12-01,396.6058654785156,433.1192626953125,434.22662353515625,421.17913818359375,421.66058349609375,20081576
2023-12-04,400.3533020019531,437.211669921875,439.4745178222656,434.2747802734375,438.1264343261719,13293194
2023-12-05,398.32525634765625,434.9969482421875,440.8226013183594,433.40814208984375,438.1264343261719,12603697
2023-12-06,408.4653015136719,446.07049560546875,447.2741394042969,435.333984375,437.0672302246094,21203900
2023-12-07,403.92431640625,441.1114807128906,447.5630187988281,440.43743896484375,447.5148620605469,11746535
2023-12-08,396.03277587890625,432.4933776855469,444.481689453125,431.86749267578125,442.8928527832031,19386851
2023-12-11,398.9424743652344,435.6709899902344,436.7783508300781,432.6378173828125,434.7562255859375,6854157
2023-12-12,399.515625,436.2969055175781,442.9410095214844,435.57470703125,437.3561096191406,10549319
2023-12-13,401.7640380859375,438.7523193359375,441.8336486816406,436.2969055175781,439.37823486328125,11718443
2023-12-14,405.6877746582031,443.03729248046875,443.9039306640625,432.7822570800781,442.9410095214844,14924265
2023-12-15,404.0124816894531,441.207763671875,445.7816162109375,438.1264343261719,444.7705383300781,16397959
2023-12-18,398.2370910644531,434.9006652832031,439.08935546875,433.64886474609375,438.1264343261719,12490839
2023-12-19,402.16082763671875,439.1856384277344,441.0151672363281,435.28582763671875,436.5376281738281,10664235
2023-12-20,397.6639404296875,434.2747802734375,442.21881103515625,432.6378173828125,441.97808837890625,10766954
2023-12-21,398.0607604980469,434.7080993652344,436.92279052734375,427.9676818847656,432.34893798828125,11584223
2023-12-22,401.36724853515625,438.31903076171875,438.9930725097656,433.8414611816406,436.2005920410156,11450973
2023-12-26,402.46942138671875,439.5226745605469,441.8818054199219,437.8375549316406,439.13751220703125,6097422
2023-12-27,403.0426025390625,440.1485595703125,441.49664306640625,436.92279052734375,440.0522766113281,7833901
2023-12-28,409.2147521972656,446.88897705078125,447.4667053222656,439.1856384277344,440.2448425292969,21493169
2023-12-29,407.4512634277344,444.963134765625,450.54803466796875,444.2409362792969,446.88897705078125,13384631
2024-01-01,412.6976013183594,450.6924743652344,452.52203369140625,445.49273681640625,446.31121826171875,9706230
2024-01-02,414.7256164550781,452.9071960449219,453.8700866699219,446.4075012207031,452.5701599121094,10924918
2024-01-03,420.8096008300781,459.5513000488281,462.87335205078125,451.94427490234375,452.8108825683594,24961710
2024-01-04,420.06011962890625,458.7328186035156,463.5955505371094,456.6144104003906,462.1993103027344,12240910
2024-01-05,417.8998718261719,456.3736877441406,461.62158203125,454.4960021972656,461.62158203125,9564086
2024-01-08,410.4491882324219,448.237060546875,457.8662109375,447.322265625,457.3847351074219,8311403
2024-01-09,409.6115417480469,447.322265625,452.52203369140625,446.4556579589844,450.1628723144531,5916180
2024-01-10,408.50933837890625,446.1186218261719,449.4407043457031,442.9891662597656,447.322265625,6123200
2024-01-11,407.93621826171875,445.49273681640625,449.24810791015625,444.0002136230469,446.88897705078125,6786448
2024-01-12,411.50726318359375,449.3925476074219,450.35546875,443.2780456542969,446.07049560546875,9714589
2024-01-15,412.30084228515625,450.2591552734375,453.0516357421875,448.8147888183594,452.5701599121094,7167978
2024-01-16,416.44500732421875,454.7848815917969,457.3847351074219,447.0334167480469,450.4517517089844,12531058
2024-01-17,411.4190979003906,449.2962646484375,459.3105773925781,447.94818115234375,453.9182434082031,11536527
2024-01-18,410.4491882324219,448.237060546875,450.4999084472656,437.693115234375,447.9963073730469,9495938
2024-01-19,415.73956298828125,454.0145263671875,455.45892333984375,449.1036682128906,451.1739501953125,12673308
2024-01-23,404.982421875,442.2669677734375,456.18109130859375,439.4745178222656,456.18109130859375,8728196
2024-01-24,408.7738952636719,446.4075012207031,450.06658935546875,441.1114807128906,443.03729248046875,22459072
2024-01-25,401.7640380859375,438.7523193359375,447.7074279785156,435.333984375,446.359375,20435547
2024-01-29,396.6058654785156,433.1192626953125,440.2929992675781,430.9045715332031,438.9930725097656,18557346
2024-01-30,386.24542236328125,421.8050231933594,436.8746337890625,421.17913818359375,430.4231262207031,45190319
2024-01-31,389.33154296875,425.17523193359375,426.0899963378906,422.430908203125,423.6827087402344,20648695
2024-02-01,390.5218811035156,426.47515869140625,431.1452941894531,423.0086669921875,425.6085510253906,19903526
2024-02-02,388.0530090332031,423.77899169921875,430.6156921386719,423.2012634277344,428.4972839355469,17816750
2024-02-05,386.24542236328125,421.8050231933594,427.1973571777344,420.36065673828125,425.6085510253906,12505666
2024-02-06,380.3819274902344,415.4016418457031,424.54931640625,413.57208251953125,423.6827087402344,19487043
2024-02-07,380.7345886230469,415.78680419921875,418.8681335449219,414.8238830566406,418.8681335449219,13376903
2024-02-08,371.1029357910156,399.176513671875,413.1869201660156,393.4471740722656,413.09063720703125,50039587
2024-02-09,371.953369140625,400.0912780761719,408.4686584472656,393.4471740722656,394.89154052734375,33527317
2024-02-12,364.2099304199219,391.7620544433594,402.4985656738281,390.9917297363281,402.06524658203125,11326971
2024-02-13,364.12042236328125,391.665771484375,395.5655822753906,388.3437194824219,391.8102111816406,16207766
2024-02-14,368.4173583984375,396.28778076171875,396.9618225097656,389.4029235839844,390.943603515625,12618012
2024-02-15,361.5691223144531,388.9214782714844,399.176513671875,388.19927978515625,397.6839904785156,21169031
2024-02-16,362.1957702636719,389.59552001953125,394.3619384765625,384.5883483886719,389.9806823730469,38963810
2024-02-19,366.3583984375,394.07305908203125,397.4432678222656,389.59552001953125,389.9806823730469,17602580
2024-02-20,363.5385437011719,391.0398864746094,395.22857666015625,389.306640625,395.22857666015625,14626643
2024-02-21,361.0767517089844,388.3918762207031,394.89154052734375,386.4178771972656,391.906494140625,20162369
2024-02-22,371.013427734375,399.0802307128906,399.7542724609375,388.4881591796875,391.8102111816406,19321180
2024-02-23,368.2831115722656,396.1433410644531,400.4764404296875,395.2767028808594,400.4764404296875,11576964
2024-02-26,366.31365966796875,394.0249328613281,397.7321472167969,392.19537353515625,395.8544616699219,8289561
2024-02-27,368.05926513671875,395.902587890625,397.4432678222656,393.3990173339844,394.7952575683594,8083518
2024-02-28,365.5079650878906,393.1582946777344,397.05810546875,391.71392822265625,395.902587890625,8949664
2024-02-29,363.71759033203125,391.2324523925781,395.8063049316406,389.49920654296875,393.83233642578125,15468800
2024-03-01,366.5821838378906,394.31378173828125,397.82843017578125,392.3879699707031,393.7360534667969,12873024
2024-03-04,366.2240905761719,393.9286193847656,397.6358642578125,393.302734375,396.9618225097656,7103794
2024-03-05,363.58331298828125,391.0880126953125,396.1433410644531,388.9696044921875,394.4582214355469,10108373
2024-03-06,365.1051330566406,392.7249755859375,394.7471008300781,385.84014892578125,391.425048828125,11534613
2024-03-07,370.2077331542969,398.2135925292969,399.5616760253906,388.68072509765625,392.7249755859375,23907135
2024-03-11,366.4927062988281,394.2174987792969,402.7874450683594,392.8694152832031,401.34307861328125,18298683
2024-03-12,362.06146240234375,389.4510803222656,391.425048828125,384.5401916503906,391.425048828125,36226074
2024-03-13,378.17498779296875,406.7835388183594,421.7568664550781,405.5317687988281,418.8681335449219,105525827
2024-03-14,375.6684265136719,404.0873718261719,409.7204284667969,402.4985656738281,406.3020935058594,31949569
2024-03-15,375.1760559082031,403.5577697753906,412.6573181152344,399.8505554199219,401.7282409667969,76074975
2024-03-18,373.6990051269531,401.9689636230469,405.09844970703125,401.4393615722656,403.46148681640625,16547358
2024-03-19,366.6269836425781,394.3619384765625,403.9910888671875,393.54345703125,402.4985656738281,21803126
2024-03-20,372.1324157714844,400.28387451171875,401.1986389160156,394.3619384765625,394.7952575683594,20364534
2024-03-21,377.1007385253906,405.6280517578125,406.3502197265625,400.76531982421875,403.46148681640625,19968509
2024-03-22,383.680419921875,412.7054748535156,413.7165222167969,405.6280517578125,405.6280517578125,40358503
2024-03-26,382.8299865722656,411.79071044921875,413.2832336425781,409.7685852050781,409.7685852050781,10669833
2024-03-27,383.143310546875,412.1277160644531,412.9943542480469,410.63519287109375,411.164794921875,12698464
2024-03-28,383.4566345214844,412.4647521972656,417.1830139160156,411.164794921875,412.1277160644531,29009002
2024-04-01,381.9795837402344,410.8759460449219,415.3534851074219,409.9611511230469,413.1869201660156,9743648
2024-04-02,381.2186584472656,410.0574645996094,412.8017578125,408.85382080078125,412.8017578125,9194659
2024-04-03,380.6367492675781,409.4315490722656,412.8980712890625,405.3873291015625,410.201904296875,13152268
2024-04-04,378.44354248046875,407.0724182128906,411.5018310546875,404.328125,409.7685852050781,19065447
2024-04-05,382.740478515625,411.6944274902344,415.6905212402344,404.3762512207031,406.8316955566406,16768902
2024-04-08,384.1280212402344,413.1869201660156,415.4016418457031,411.8869934082031,412.4165954589844,8844633
2024-04-09,381.666259765625,410.5389099121094,415.4979248046875,409.7685852050781,414.48687744140625,6967273
2024-04-10,391.1552734375,420.7458190917969,421.5643005371094,409.9611511230469,412.4165954589844,14547618
2024-04-12,385.0232238769531,414.14984130859375,419.59033203125,412.4165954589844,418.8681335449219,18785009
2024-04-15,381.26336669921875,410.1055908203125,413.2350769042969,407.21685791015625,412.1277160644531,9083087
2024-04-16,381.26336669921875,410.1055908203125,411.164794921875,407.5057373046875,407.5538635253906,10357752
2024-04-18,374.9522705078125,403.3170471191406,411.0685119628906,402.16156005859375,410.201904296875,22133191
2024-04-19,380.2339172363281,408.9982604980469,410.442626953125,400.57275390625,402.4985656738281,17221280
2024-04-22,380.72625732421875,409.5278625488281,411.7425537109375,407.6501770019531,411.164794921875,7386048
2024-04-23,384.2175598144531,413.2832336425781,414.5350036621094,409.33526611328125,409.5278625488281,12484384
2024-04-24,383.948974609375,412.9943542480469,414.8238830566406,412.4165954589844,413.33135986328125,6070285
2024-04-25,391.6924133300781,421.3235778808594,422.0457458496094,413.09063720703125,415.0164794921875,30337038
2024-04-26,393.8856506347656,423.6827087402344,426.8603210449219,420.2162170410156,422.96051025390625,15342965
2024-04-29,392.2742919921875,421.949462890625,426.0418395996094,418.48297119140625,425.6085510253906,12075706
2024-04-30,389.9915466308594,419.4940185546875,424.1641540527344,418.96441650390625,423.6345520019531,12528665
2024-05-02,392.9904479980469,422.71978759765625,426.186279296875,418.72369384765625,419.8310546875,24123523
2024-05-03,390.7076721191406,420.26434326171875,423.7308654785156,415.3534851074219,423.7308654785156,23786388
2024-05-06,389.1858825683594,418.6274108886719,424.11602783203125,417.2793273925781,421.7568664550781,10753860
2024-05-07,394.19891357421875,424.01971435546875,429.460205078125,419.0606994628906,420.6976623535156,26969062
2024-05-08,394.7808532714844,424.6456298828125,428.2084045410156,421.949462890625,424.8863525390625,10916481
2024-05-09,380.5472412109375,409.33526611328125,425.1270751953125,407.6501770019531,423.7308654785156,24314298
2024-05-10,387.9325866699219,417.2793273925781,420.1680603027344,410.683349609375,410.683349609375,14524604
2024-05-13,386.5898132324219,415.8349609375,419.30145263671875,413.57208251953125,417.1830139160156,7584217
2024-05-14,384.6651306152344,413.7646789550781,417.2311706542969,412.6573181152344,414.5350036621094,11423749
2024-05-15,382.9642639160156,411.9351501464844,417.1830139160156,410.924072265625,414.7757263183594,7856433
2024-05-16,386.231689453125,415.44976806640625,416.55712890625,407.21685791015625,414.0535583496094,23911954
2024-05-17,390.57342529296875,420.11993408203125,421.2754211425781,412.9943542480469,416.36456298828125,11894830
2024-05-21,389.2305908203125,418.675537109375,420.8902587890625,417.1348876953125,419.8310546875,11175153
2024-05-22,393.796142578125,423.58642578125,425.5603942871094,419.2532958984375,421.1309814453125,11036895
2024-05-23,395.0941162109375,424.9826354980469,428.4010009765625,420.36065673828125,425.0307922363281,27244733
2024-05-24,390.48388671875,420.02362060546875,426.0418395996094,419.1570129394531,424.6456298828125,13252938
2024-05-27,386.2764892578125,415.4979248046875,422.6235046386719,414.72760009765625,422.5272216796875,12282545
2024-05-28,384.03851318359375,413.09063720703125,416.4608459472656,412.3684387207031,416.07568359375,9668761
2024-05-29,385.7841491699219,414.96832275390625,416.36456298828125,409.7204284667969,409.7204284667969,10832067
2024-05-30,379.4282531738281,408.1316223144531,414.96832275390625,406.687255859375,412.60919189453125,21314885
2024-05-31,381.7557373046875,410.63519287109375,413.6202392578125,408.51678466796875,410.924072265625,29300711
2024-06-03,385.24700927734375,414.39056396484375,418.7718505859375,412.7536315917969,417.90521240234375,16116836
2024-06-04,378.5358581542969,399.8023986816406,410.49078369140625,387.910400390625,410.201904296875,47791986
2024-06-05,392.302490234375,414.3424377441406,419.8310546875,402.5467224121094,406.3502197265625,28197030
2024-06-06,396.9521179199219,419.2532958984375,421.4679870605469,415.1127624511719,419.8310546875,32318523
2024-06-07,400.3710021972656,422.8642272949219,425.2715148925781,415.1127624511719,415.4016418457031,29543660
2024-06-10,398.3196716308594,420.6976623535156,424.6456298828125,419.6866149902344,423.6827087402344,11872688
2024-06-11,394.7640686035156,416.9422912597656,421.5643005371094,416.2201232910156,420.7939758300781,13158571
2024-06-12,394.1258544921875,416.26824951171875,418.2903747558594,414.2461242675781,414.5831604003906,10751658
2024-06-13,392.302490234375,414.3424377441406,420.6976623535156,413.8128356933594,420.6976623535156,9641349
2024-06-14,393.07745361328125,415.1609191894531,415.8830871582031,413.1387939453125,415.0164794921875,9572809
2024-06-18,390.8893737792969,412.84991455078125,418.0978088378906,412.3203125,416.9422912597656,14641141
2024-06-19,386.2397155761719,407.9390563964844,414.7757263183594,407.3612976074219,414.0535583496094,11329972
2024-06-20,385.9206237792969,407.6020202636719,410.683349609375,405.8687744140625,408.32421875,15147549
2024-06-21,382.54736328125,404.03924560546875,409.5278625488281,403.0281677246094,409.2389831542969,26176371
2024-06-24,385.9206237792969,407.6020202636719,408.2279052734375,404.4244079589844,404.4244079589844,9723008
2024-06-25,385.9206237792969,407.6020202636719,408.27606201171875,404.1836853027344,407.3131408691406,10655609
2024-06-26,386.5132141113281,408.2279052734375,410.5870666503906,406.39837646484375,407.3131408691406,11511714
2024-06-27,388.0175476074219,409.8167419433594,411.4055480957031,405.4836120605469,408.2279052734375,38438054
2024-06-28,387.37933349609375,409.1427001953125,412.1277160644531,407.79461669921875,409.7204284667969,18554411
2024-07-01,391.16290283203125,413.1387939453125,414.2942810058594,408.9019470214844,410.49078369140625,13391362
2024-07-02,387.9263610839844,409.7204284667969,414.679443359375,406.87982177734375,414.0535583496094,11177863
2024-07-03,390.4790954589844,412.4165954589844,413.7165222167969,409.7204284667969,410.2981872558594,7435499
2024-07-04,391.16290283203125,413.1387939453125,415.4979248046875,411.21295166015625,414.0535583496094,9478861
2024-07-05,395.356689453125,417.5682067871094,417.90521240234375,411.7425537109375,413.09063720703125,13427543
2024-07-08,404.42803955078125,427.1492004394531,428.06396484375,417.5682067871094,419.0125732421875,21311436
2024-07-09,412.6332702636719,435.8154296875,438.1264343261719,427.53436279296875,431.0008544921875,27489709
2024-07-10,411.5848693847656,434.7080993652344,438.4634704589844,429.941650390625,436.8746337890625,12065662
2024-07-11,418.1490478515625,441.6410827636719,442.4595642089844,432.06005859375,433.3118591308594,19556596
2024-07-12,418.5137634277344,442.0262451171875,446.07049560546875,438.9449157714844,441.6410827636719,19693114
2024-07-15,422.4796447753906,446.2149353027344,449.1518249511719,440.2448425292969,442.0262451171875,16876907
2024-07-16,424.43975830078125,448.2851867675781,449.4407043457031,444.2890930175781,446.2630615234375,13497253
2024-07-18,428.7247009277344,452.8108825683594,453.4367980957031,445.49273681640625,445.82977294921875,21907158
2024-07-19,432.64501953125,456.951416015625,461.62158203125,451.9924011230469,453.5330810546875,25939326
2024-07-22,425.3514404296875,449.24810791015625,461.6697082519531,448.5740661621094,456.99957275390625,18762384
2024-07-23,448.7364196777344,473.9468688964844,478.95404052734375,449.1036682128906,449.24810791015625,56125835
2024-07-24,450.4230651855469,475.728271484375,491.7126770019531,472.4543762207031,477.60595703125,43693692
2024-07-25,446.68511962890625,471.78033447265625,477.60595703125,466.6768798828125,471.8284606933594,18567567
2024-07-26,457.8533935546875,483.5760498046875,487.6202697753906,469.32489013671875,475.728271484375,21534703
2024-07-29,452.2464294433594,477.65411376953125,487.4277038574219,475.728271484375,486.753662109375,12978187
2024-07-30,446.6395568847656,471.732177734375,479.3392028808594,470.5285339355469,477.89483642578125,13891052
2024-07-31,451.6083068847656,476.9800720214844,479.483642578125,472.3099365234375,474.1876220703125,11982586
2024-08-01,450.10400390625,475.3912658691406,478.3281555175781,472.74322509765625,477.55780029296875,12114803
2024-08-02,445.9101867675781,470.96185302734375,480.9280090332031,466.8213195800781,466.8213195800781,22141163
2024-08-05,443.08392333984375,467.976806640625,473.65802001953125,461.7659912109375,462.2474670410156,25022076
2024-08-06,443.3574523925781,468.26568603515625,473.4654235839844,466.09912109375,468.217529296875,14251363
2024-08-07,449.14666748046875,474.38018798828125,477.2207946777344,469.9989318847656,471.8284606933594,11320399
2024-08-08,451.0612487792969,476.4023132324219,479.53179931640625,474.2357482910156,475.6801452636719,21349889
2024-08-09,452.1097106933594,477.5096740722656,479.53179931640625,474.8135070800781,479.53179931640625,9556181
2024-08-12,450.9244689941406,476.25787353515625,481.4576110839844,473.7543029785156,473.7543029785156,9425644
2024-08-13,446.7306823730469,471.8284606933594,479.3873596191406,470.14337158203125,477.55780029296875,8056478
2024-08-14,448.7364196777344,473.9468688964844,480.4947204589844,471.732177734375,473.7061462402344,9609981
2024-08-16,458.26361083984375,484.00933837890625,485.5018615722656,474.38018798828125,476.1615905761719,13643352
2024-08-19,457.1696472167969,482.8538513183594,490.4127197265625,481.07244873046875,486.0314636230469,10591508
2024-08-20,454.7536315917969,480.3021240234375,484.7315368652344,479.242919921875,482.4205322265625,6888634
2024-08-21,460.77081298828125,486.6573791503906,490.1238708496094,480.5428466796875,481.4576110839844,8801221
2024-08-22,459.99591064453125,485.8388977050781,489.64239501953125,482.8538513183594,489.0165100097656,8686423
2024-08-23,461.135498046875,487.04254150390625,488.1498718261719,481.40948486328125,486.3203430175781,8195369
2024-08-26,461.0443115234375,486.94622802734375,489.16094970703125,483.3834533691406,487.235107421875,8126402
2024-08-27,456.3946838378906,482.0353698730469,488.7757873535156,481.4576110839844,488.7276306152344,8260450
2024-08-28,453.3861083984375,478.8577575683594,483.6723327636719,478.0874328613281,481.8427734375,8081932
2024-08-29,460.497314453125,486.3684997558594,488.8720703125,478.9058837890625,479.53179931640625,19389694
2024-08-30,457.57989501953125,483.28717041015625,490.268310546875,481.65020751953125,483.3352966308594,15523349
2024-09-02,465.01019287109375,491.1349182128906,493.8792419433594,484.63525390625,485.3092956542969,16497266
2024-09-03,464.4176025390625,490.509033203125,496.8161315917969,489.0646667480469,491.1349182128906,12481552
2024-09-04,461.6369323730469,487.5721435546875,491.1349182128906,481.40948486328125,481.4576110839844,8739052
2024-09-05,466.05865478515625,492.2422790527344,492.91632080078125,488.2461853027344,489.4979553222656,11318636
2024-09-06,457.39752197265625,483.0945739746094,493.0126037597656,478.71331787109375,493.0126037597656,14245025
2024-09-09,466.5600891113281,492.7718811035156,493.63848876953125,481.7946472167969,483.3834533691406,14265060
2024-09-10,468.2467346191406,494.55328369140625,495.9013366699219,489.88311767578125,492.91632080078125,11332248
2024-09-11,468.93048095703125,495.27545166015625,500.2344665527344,492.9644470214844,493.97552490234375,15497555
2024-09-12,473.6257019042969,500.2344665527344,501.1973876953125,489.6905517578125,495.9976501464844,19085324
2024-09-13,468.4746398925781,494.79400634765625,500.7159118652344,493.0126037597656,500.2344665527344,9165077
2024-09-16,465.9674987792969,492.14599609375,497.8271789550781,490.79791259765625,496.7679748535156,7821668
2024-09-17,462.9132995605469,488.92022705078125,494.505126953125,487.475830078125,492.09783935546875,10889862
2024-09-18,462.5486145019531,488.5350341796875,493.39776611328125,486.3684997558594,489.0165100097656,5638729
2024-09-19,463.369140625,489.40167236328125,495.7087707519531,488.6794738769531,491.0867614746094,14461616
2024-09-20,468.97607421875,495.3236083984375,498.1642150878906,489.16094970703125,493.0126037597656,24725118
2024-09-23,471.3008728027344,497.7790222167969,500.1863098144531,494.55328369140625,496.33465576171875,8105508
2024-09-24,469.75103759765625,496.14208984375,498.5975036621094,495.0828857421875,497.8271789550781,7015487
2024-09-25,471.847900390625,498.3567810058594,500.0419006347656,493.3014831542969,496.3828125,8802667
2024-09-26,476.5887451171875,503.36395263671875,504.3268737792969,497.8271789550781,498.45306396484375,16086557
2024-09-27,476.54315185546875,503.3157958984375,508.90069580078125,500.9566650390625,500.9566650390625,17916386
2024-09-30,472.39495849609375,498.9345397949219,504.90460205078125,494.986572265625,501.2936706542969,10936940
2024-10-01,470.6171569824219,497.0568542480469,500.4751892089844,494.9384460449219,498.9345397949219,5285319
2024-10-03,467.4717712402344,493.73480224609375,496.57537841796875,489.2572326660156,489.6905517578125,16481353
2024-10-04,459.0841979980469,484.8759765625,498.1642150878906,482.95013427734375,491.0867614746094,18930962
2024-10-07,465.14697265625,491.27935791015625,495.85321044921875,487.9573059082031,488.1980285644531,17114457
2024-10-08,463.09564208984375,489.11279296875,493.5422058105469,487.235107421875,491.0867614746094,9868331
2024-10-09,448.28057861328125,473.4654235839844,490.8941955566406,472.3580627441406,490.8941955566406,24874940
2024-10-10,448.5997009277344,473.8024597167969,477.2689514160156,471.2988586425781,476.9800720214844,13292273
2024-10-11,445.0896301269531,470.09521484375,475.6319885253906,469.32489013671875,474.71722412109375,14949380
2024-10-14,453.0669860839844,478.5207214355469,480.4947204589844,470.5285339355469,472.7913818359375,6970606
2024-10-15,454.5257263183594,480.0614013671875,480.8798828125,476.1615905761719,479.53179931640625,8347216
2024-10-16,449.64813232421875,474.9097900390625,480.35028076171875,474.09130859375,477.60595703125,6939430
2024-10-17,445.72784423828125,470.7692565917969,476.6430358886719,469.90264892578125,476.6430358886719,7669729
2024-10-18,443.72210693359375,468.6508483886719,473.32098388671875,460.6586608886719,470.62481689453125,22616838
2024-10-21,440.9414367675781,465.7139587402344,469.5174865722656,459.6475830078125,468.6508483886719,7680088
2024-10-22,439.2547912597656,463.93255615234375,470.2878112792969,462.9696350097656,465.7139587402344,12772970
2024-10-23,437.9328308105469,462.5363464355469,465.3769226074219,461.7178649902344,463.1622314453125,10553961
2024-10-24,430.04669189453125,454.2071228027344,464.51031494140625,452.5701599121094,464.1251525878906,13596626
2024-10-25,439.7106628417969,464.4140319824219,475.19866943359375,456.6144104003906,458.1550598144531,32154050
2024-10-28,441.39727783203125,466.1954040527344,467.8805236816406,458.34765625,464.0769958496094,8946214
2024-10-29,444.8617248535156,469.8544921875,471.0581359863281,463.45111083984375,467.0138854980469,7131161
2024-10-30,448.1438293457031,473.32098388671875,474.95794677734375,468.458251953125,469.8544921875,6640080
2024-10-31,445.6366882324219,470.6729736328125,474.71722412109375,466.7250061035156,473.7543029785156,8111694
2024-11-01,447.0042419433594,472.1173400878906,473.8505859375,471.1544189453125,472.7913818359375,1517892
2024-11-04,441.8075256347656,466.62872314453125,475.1505126953125,461.7659912109375,475.1505126953125,8754385
2024-11-05,437.7961120605469,462.39190673828125,467.0620422363281,459.2624206542969,465.0399169921875,7610046
2024-11-06,438.6166076660156,463.2585144042969,466.4361572265625,460.27349853515625,462.39190673828125,11749720
2024-11-07,435.69915771484375,460.17718505859375,464.7991943359375,458.4439392089844,463.8844299316406,9267980
2024-11-08,435.8359375,460.3216247558594,462.87335205078125,456.99957275390625,460.17718505859375,6325023
2024-11-11,434.83306884765625,459.2624206542969,463.6436767578125,456.51812744140625,460.3216247558594,5700343
2024-11-12,431.0951232910156,455.3144836425781,460.225341796875,453.6775207519531,459.8883361816406,5236095
2024-11-13,430.5025329589844,454.6885681152344,457.0958557128906,450.88507080078125,452.6183166503906,11548660
2024-11-14,424.804443359375,448.67034912109375,455.4107666015625,445.1075744628906,453.7256774902344,12087836
2024-11-18,425.3514404296875,449.24810791015625,450.4517517089844,444.8668518066406,448.718505859375,8448573
2024-11-19,426.0807800292969,450.0184326171875,456.18109130859375,448.959228515625,450.64434814453125,7121472
2024-11-21,416.7815246582031,440.19671630859375,446.8408203125,438.5115966796875,443.9039306640625,20313155
2024-11-22,432.7362060546875,457.0477294921875,458.8291015625,438.6078796386719,439.28192138671875,20214206
2024-11-25,434.6963195800781,459.11798095703125,464.3177185058594,454.88116455078125,461.23638916015625,14427013
2024-11-26,434.8786926269531,459.3105773925781,464.75103759765625,456.51812744140625,462.1993103027344,6791715
2024-11-27,434.83306884765625,459.2624206542969,462.2956237792969,455.45892333984375,459.7920227050781,7339184
2024-11-28,432.9640808105469,457.2884521484375,465.8583984375,453.0997619628906,459.3105773925781,14967609
2024-11-29,434.6507568359375,459.0698547363281,461.1401062011719,455.07373046875,455.6514892578125,8668142
2024-12-02,435.0610046386719,459.5031433105469,461.5252685546875,455.8440856933594,458.34765625,5689595
2024-12-03,430.8216552734375,455.0256042480469,455.8440856933594,445.5890197753906,448.718505859375,23073942
2024-12-04,425.8529052734375,449.7777099609375,460.466064453125,449.1036682128906,456.8070068359375,13957078
2024-12-05,426.21759033203125,450.1628723144531,455.2181701660156,445.3482971191406,450.2110290527344,27432375
2024-12-06,429.5452575683594,453.6775207519531,457.33660888671875,450.35546875,452.5701599121094,7842234
2024-12-09,423.8927307128906,447.7074279785156,454.4960021972656,445.7816162109375,454.0145263671875,12154116
2024-12-10,424.3486022949219,448.18890380859375,449.1518249511719,445.444580078125,448.0926208496094,9163636
2024-12-11,424.1662292480469,447.9963073730469,450.8369140625,447.4667053222656,449.8739929199219,7005617
2024-12-12,419.9268798828125,443.5187683105469,450.54803466796875,442.1225280761719,448.237060546875,13380617
2024-12-13,428.4967956542969,452.5701599121094,456.8070068359375,434.9006652832031,442.9410095214844,32976794
2024-12-16,428.5879821777344,452.66644287109375,456.8070068359375,450.64434814453125,452.8108825683594,9354160
2024-12-17,428.0865173339844,452.1368408203125,458.1550598144531,445.8778991699219,452.5701599121094,20608409
2024-12-18,428.9526672363281,453.0516357421875,456.229248046875,449.5851135253906,455.1700439453125,12841386
2024-12-19,425.3514404296875,449.24810791015625,456.75885009765625,448.0444641113281,451.60723876953125,15161531
2024-12-20,423.6192321777344,447.4185791015625,450.11474609375,442.2669677734375,449.199951171875,20231570
2024-12-23,432.3714904785156,456.6625671386719,459.984619140625,450.2591552734375,453.7256774902344,19562956
2024-12-24,436.20062255859375,460.706787109375,462.4400329589844,455.12188720703125,457.2884521484375,12009880
2024-12-26,434.83306884765625,459.2624206542969,463.980712890625,458.34765625,462.7289123535156,9188830
2024-12-27,436.3373718261719,460.8512268066406,464.02886962890625,458.34765625,461.9585876464844,16906420
2024-12-30,434.8786926269531,459.3105773925781,463.5955505371094,458.34765625,462.9215087890625,13578360
2024-12-31,440.9414367675781,465.7139587402344,466.6768798828125,456.951416015625,460.706787109375,13787501
2025-01-01,441.2149353027344,466.0028381347656,468.7952880859375,464.26959228515625,467.976806640625,18931186
2025-01-02,445.8645935058594,470.9136962890625,471.8284606933594,464.4140319824219,467.3509216308594,27131131
2025-01-03,439.0724792480469,463.739990234375,472.7913818359375,462.05487060546875,472.0691833496094,38500784
2025-01-06,419.1042785644531,442.6499938964844,461.75,441.25,455.6000061035156,22009958
2025-01-07,417.6367492675781,441.1000061035156,447.6000061035156,440.1499938964844,445.5,14294780
2025-01-08,425.6372985839844,449.54998779296875,452.04998779296875,437.1000061035156,443.0,13482926
2025-01-09,426.1580505371094,450.1000061035156,460.6499938964844,446.04998779296875,449.3999938964844,19732649
2025-01-10,421.234619140625,444.8999938964844,452.0,442.5,449.95001220703125,9145729
2025-01-13,415.69580078125,439.04998779296875,444.0,435.0,435.0,17799607
2025-01-14,413.3761291503906,436.6000061035156,441.5,435.8500061035156,441.0,18048459
2025-01-15,414.0862731933594,437.3500061035156,441.79998779296875,435.3500061035156,436.6000061035156,9786805
2025-01-16,409.82562255859375,432.8500061035156,439.45001220703125,431.1000061035156,438.04998779296875,15774070
2025-01-17,416.7846374511719,440.20001220703125,441.79998779296875,432.5,433.0,11270061
2025-01-20,414.4176025390625,437.70001220703125,441.20001220703125,436.0,439.0,8742771
2025-01-21,414.2756042480469,437.54998779296875,447.0,435.25,438.0,15686500
2025-01-22,413.7548522949219,437.0,441.95001220703125,436.54998779296875,439.8999938964844,9619648
2025-01-23,416.7846374511719,440.20001220703125,441.8500061035156,434.1000061035156,435.0,8888248
2025-01-24,418.11016845703125,441.6000061035156,445.0,439.04998779296875,439.3999938964844,9665384
2025-01-27,416.6899719238281,440.1000061035156,445.0,436.54998779296875,440.79998779296875,10480203
2025-01-28,412.2873229980469,435.45001220703125,441.79998779296875,434.5,440.0,20813072
2025-01-29,410.2989807128906,433.3500061035156,437.5,430.1000061035156,435.95001220703125,15158510
2025-01-30,412.9974060058594,436.20001220703125,438.0,431.45001220703125,433.0,22496695
2025-01-31,423.6963195800781,447.5,448.20001220703125,435.1000061035156,436.5,13546181
2025-02-01,437.94573974609375,462.54998779296875,471.5,439.54998779296875,448.0,30393007
2025-02-03,430.1819763183594,454.3500061035156,465.20001220703125,452.29998779296875,462.0,16991730
2025-02-04,430.93939208984375,455.1499938964844,460.3500061035156,448.75,458.0,18923681
2025-02-05,424.311767578125,448.1499938964844,455.8500061035156,446.5,455.1499938964844,12836283
2025-02-06,417.6367492675781,441.1000061035156,450.0,438.20001220703125,450.0,17469129
2025-02-07,407.9319763183594,430.8500061035156,445.5,428.3999938964844,440.0,18875982
2025-02-10,404.47613525390625,427.20001220703125,433.29998779296875,426.5,427.0,12227140
2025-02-11,396.049560546875,418.29998779296875,430.54998779296875,417.5,428.79998779296875,14288751
2025-02-12,394.22222900390625,409.8999938964844,413.79998779296875,407.6000061035156,413.1499938964844,13884574
2025-02-13,394.0299072265625,409.70001220703125,413.95001220703125,409.0,409.95001220703125,12989029
2025-02-14,394.558837890625,410.25,416.20001220703125,408.3999938964844,411.75,14124236
2025-02-17,392.97198486328125,408.6000061035156,411.3999938964844,406.75,409.79998779296875,11975265
2025-02-18,389.7500915527344,405.25,410.8500061035156,404.0,408.0,12998403
2025-02-19,390.8561096191406,406.3999938964844,408.79998779296875,404.5,404.79998779296875,7079032
2025-02-20,386.6724853515625,402.04998779296875,403.8999938964844,396.20001220703125,399.95001220703125,15355585
2025-02-21,385.5664367675781,400.8999938964844,403.25,399.20001220703125,402.04998779296875,8240986
2025-02-24,386.5282287597656,401.8999938964844,403.3999938964844,398.75,400.0,7037625
2025-02-25,389.3653869628906,404.8500061035156,407.0,400.5,402.0,15760891
2025-02-27,386.23968505859375,401.6000061035156,406.5,399.5,404.8500061035156,19051003
2025-02-28,379.8921203613281,395.0,402.5,392.20001220703125,399.0,31954776
2025-03-03,382.2484436035156,397.45001220703125,399.0,391.20001220703125,395.95001220703125,10702826
2025-03-04,379.74786376953125,394.8500061035156,397.20001220703125,392.8500061035156,395.3999938964844,13404774
2025-03-05,389.5577087402344,405.04998779296875,412.75,394.5,394.5,15665018
2025-03-06,390.1828918457031,405.70001220703125,409.70001220703125,400.54998779296875,409.1499938964844,17869996
2025-03-07,388.45172119140625,403.8999938964844,405.8500061035156,401.70001220703125,403.54998779296875,11180761
2025-03-10,389.5096435546875,405.0,406.8500061035156,400.3999938964844,401.04998779296875,9785018
2025-03-11,390.66375732421875,406.20001220703125,408.3999938964844,401.20001220703125,401.5,11099475
2025-03-12,396.6266174316406,412.3999938964844,413.29998779296875,404.0,406.3999938964844,13844306
2025-03-13,396.28997802734375,412.04998779296875,414.3999938964844,408.20001220703125,413.0,8196569
2025-03-17,392.3468322753906,407.95001220703125,416.25,407.0,413.0,5257805
2025-03-18,393.45281982421875,409.1000061035156,411.95001220703125,407.75,410.0,13861897
2025-03-19,387.63421630859375,403.04998779296875,410.75,402.6000061035156,410.0,12830387
2025-03-20,388.49981689453125,403.95001220703125,406.6499938964844,401.8999938964844,405.0,16994037
2025-03-21,390.0386047363281,405.54998779296875,407.5,401.70001220703125,405.95001220703125,25302035
2025-03-24,395.1839904785156,410.8999938964844,412.8500061035156,405.6000061035156,407.0,14362572
2025-03-25,394.12603759765625,409.79998779296875,415.25,408.70001220703125,412.0,20338110
2025-03-26,391.769775390625,407.3500061035156,411.20001220703125,406.25,410.29998779296875,13891436
2025-03-27,393.7894592285156,409.45001220703125,410.70001220703125,405.6499938964844,408.0,18642328
2025-03-28,394.0779724121094,409.75,415.6000061035156,408.1499938964844,410.8999938964844,12981873
2025-04-01,391.0965576171875,406.6499938964844,414.3999938964844,405.6000061035156,409.79998779296875,15206240
2025-04-02,393.40472412109375,409.04998779296875,410.0,406.04998779296875,407.04998779296875,8001323
2025-04-03,393.7413330078125,409.3999938964844,410.20001220703125,406.70001220703125,407.04998779296875,7059566
2025-04-04,394.0299072265625,409.70001220703125,412.79998779296875,404.5,407.5,18627592
2025-04-07,390.51947021484375,406.04998779296875,408.1000061035156,390.1499938964844,390.1499938964844,26762866
2025-04-08,396.7708740234375,412.54998779296875,415.79998779296875,407.25,411.8999938964844,18600796
2025-04-09,400.37744140625,416.29998779296875,419.04998779296875,411.25,413.0,21785572
2025-04-11,405.4266052246094,421.54998779296875,422.45001220703125,417.0,420.0,8939356
2025-04-15,404.32061767578125,420.3999938964844,429.20001220703125,419.0,429.20001220703125,11685880
2025-04-16,408.2157287597656,424.45001220703125,426.04998779296875,418.0,418.0,13034594
2025-04-17,410.90863037109375,427.25,427.8500061035156,421.54998779296875,425.0,22410217
2025-04-21,406.67694091796875,422.8500061035156,429.1000061035156,421.5,428.04998779296875,27388236
2025-04-22,417.0157775878906,433.6000061035156,434.79998779296875,423.54998779296875,425.95001220703125,32031936
2025-04-23,414.3709411621094,430.8500061035156,437.45001220703125,428.8500061035156,436.20001220703125,19566317
2025-04-24,413.60150146484375,430.04998779296875,436.04998779296875,429.29998779296875,431.8500061035156,26064089
2025-04-25,411.4375915527344,427.79998779296875,432.70001220703125,423.29998779296875,430.04998779296875,22944377
2025-04-28,412.3993225097656,428.79998779296875,430.5,424.75,426.6499938964844,6287095
2025-04-29,409.7064208984375,426.0,429.6000061035156,425.0,428.8999938964844,11189930
2025-04-30,409.5140686035156,425.79998779296875,429.29998779296875,422.0,427.3999938964844,10026546
2025-05-02,413.07257080078125,429.5,431.5,424.1000061035156,424.1000061035156,9263372
2025-05-05,420.2376403808594,436.95001220703125,438.5,429.3500061035156,430.25,11525305
2025-05-06,418.89117431640625,435.54998779296875,439.6499938964844,433.0,437.5,15026568
2025-05-07,414.6594543457031,431.1499938964844,435.0,429.70001220703125,433.3999938964844,9710361
2025-05-08,414.1304931640625,430.6000061035156,431.5,423.54998779296875,429.0,19937960
2025-05-09,407.35015869140625,423.54998779296875,429.1499938964844,423.0,425.95001220703125,8226512
2025-05-12,418.8431091308594,435.5,436.20001220703125,428.1499938964844,429.5,8031891
2025-05-13,411.53375244140625,427.8999938964844,437.95001220703125,425.3500061035156,434.8999938964844,14976369
2025-05-14,412.6878967285156,429.1000061035156,431.8500061035156,425.8999938964844,427.1000061035156,9557309
2025-05-15,416.1020812988281,432.6499938964844,435.3999938964844,426.0,429.1000061035156,24263510
2025-05-16,419.03546142578125,435.70001220703125,436.20001220703125,432.1000061035156,434.8999938964844,16402035
2025-05-19,418.6988220214844,435.3500061035156,438.5,432.6499938964844,435.0,7543854
2025-05-20,418.2660217285156,434.8999938964844,440.79998779296875,432.8999938964844,437.0,9868414
2025-05-21,416.438720703125,433.0,438.20001220703125,432.0,436.6000061035156,5776672
2025-05-22,409.8026123046875,426.1000061035156,433.0,422.8999938964844,433.0,19451749
2025-05-23,419.61248779296875,436.29998779296875,439.0,429.0,434.0,18536884
2025-05-26,425.9600524902344,442.8999938964844,443.54998779296875,436.75,438.25,13107662
2025-05-27,417.3042907714844,433.8999938964844,444.20001220703125,430.8500061035156,442.8999938964844,26986022
2025-05-28,411.57440185546875,420.20001220703125,422.6000061035156,413.0,417.70001220703125,431851622
2025-05-29,410.1541442871094,418.75,422.79998779296875,416.6000061035156,422.0,21478547
2025-05-30,409.468505859375,418.04998779296875,420.04998779296875,416.3999938964844,419.1000061035156,30656239
2025-06-02,410.6928405761719,419.29998779296875,420.45001220703125,414.54998779296875,418.29998779296875,14973380
2025-06-03,408.39111328125,416.95001220703125,421.70001220703125,415.6499938964844,419.0,13216486
2025-06-04,408.4400634765625,417.0,419.0,415.95001220703125,417.1499938964844,12598933
2025-06-05,410.4969482421875,419.1000061035156,420.95001220703125,415.75,418.5,13212523
2025-06-06,412.40692138671875,421.04998779296875,421.29998779296875,419.0,420.29998779296875,8774988
2025-06-09,414.3658752441406,423.04998779296875,423.6000061035156,420.5,422.0,10473123
2025-06-10,418.23480224609375,427.0,428.54998779296875,423.04998779296875,424.5,13041075
2025-06-11,417.4022216796875,426.1499938964844,428.1000061035156,424.8500061035156,428.0,20789182
2025-06-12,412.3579406738281,421.0,427.20001220703125,419.54998779296875,427.0,18508835
2025-06-13,405.4036865234375,413.8999938964844,419.3500061035156,413.5,415.0,17873926
2025-06-16,409.6154479980469,418.20001220703125,418.8999938964844,413.25,414.95001220703125,7006629
2025-06-17,408.83184814453125,417.3999938964844,419.04998779296875,415.70001220703125,418.1000061035156,9028406
2025-06-18,407.3626403808594,415.8999938964844,418.45001220703125,414.8999938964844,417.0,8036215
2025-06-19,407.4606018066406,416.0,418.25,414.79998779296875,415.6499938964844,12601006
2025-06-20,409.9582214355469,418.54998779296875,419.5,416.0,416.0,13203184
2025-06-23,405.4036865234375,413.8999938964844,417.5,411.75,417.0,14839890
2025-06-24,405.844482421875,414.3500061035156,420.6499938964844,413.75,416.8999938964844,16690068
2025-06-25,407.80340576171875,416.3500061035156,418.1499938964844,415.1000061035156,416.3999938964844,9946718
2025-06-26,411.67230224609375,420.29998779296875,420.8999938964844,416.25,417.20001220703125,13703918
2025-06-27,410.0561828613281,418.6499938964844,422.0,417.79998779296875,421.0,21409935
